DATE,DailyAverageDryBulbTemperature,DailySnowDepth,DailySustainedWindSpeed
1/1/13 23:59,33.0,0.0,15.0
1/2/13 23:59,28.0,0.0,15.0
1/3/13 23:59,28.0,0.0,13.0
1/4/13 23:59,34.0,0.0,18.0
1/5/13 23:59,37.0,0.0,17.0
1/6/13 23:59,40.0,0.0,13.0
1/7/13 23:59,41.0,0.0,16.0
1/8/13 23:59,42.0,0.0,17.0
1/9/13 23:59,44.0,0.0,14.0
1/10/13 23:59,44.0,0.0,15.0
1/11/13 23:59,42.0,0.0,10.0
1/12/13 23:59,45.0,0.0,10.0
1/13/13 23:59,47.0,0.0,12.0
1/14/13 23:59,47.0,0.0,14.0
1/15/13 23:59,37.0,0.0,13.0
1/16/13 23:59,35.0,0.0,16.0
1/17/13 23:59,39.0,0.0,13.0
1/18/13 23:59,30.0,0.0,14.0
1/19/13 23:59,41.0,0.0,20.0
1/20/13 23:59,42.0,0.0,23.0
1/21/13 23:59,29.0,0.0,15.0
1/22/13 23:59,20.0,0.0,20.0
1/23/13 23:59,16.0,0.0,17.0
1/24/13 23:59,17.0,0.0,20.0
1/25/13 23:59,19.0,0.0,15.0
1/26/13 23:59,21.0,2.0,17.0
1/27/13 23:59,27.0,1.0,14.0
1/28/13 23:59,33.0,1.0,13.0
1/29/13 23:59,43.0,0.0,10.0
1/30/13 23:59,49.0,0.0,15.0
1/31/13 23:59,46.0,0.0,26.0
2/1/13 23:59,28.0,0.0,15.0
2/2/13 23:59,24.0,0.0,16.0
2/3/13 23:59,27.0,0.003,10.0
2/4/13 23:59,27.0,0.0,17.0
2/5/13 23:59,30.0,0.003,13.0
2/6/13 23:59,34.0,0.0,15.0
2/7/13 23:59,29.0,0.0,10.0
2/8/13 23:59,31.0,0.0,25.0
2/9/13 23:59,27.0,11.0,18.0
2/10/13 23:59,27.0,10.0,13.0
2/11/13 23:59,40.0,9.0,10.0
2/12/13 23:59,40.0,4.0,17.0
2/13/13 23:59,39.0,0.0,12.0
2/14/13 23:59,40.0,0.0,13.0
2/15/13 23:59,46.0,0.0,16.0
2/16/13 23:59,36.0,0.0,15.0
2/17/13 23:59,25.0,0.0,25.0
2/18/13 23:59,26.0,0.0,17.0
2/19/13 23:59,41.0,0.0,18.0
2/20/13 23:59,32.0,0.0,22.0
2/21/13 23:59,29.0,0.0,21.0
2/22/13 23:59,32.0,0.0,16.0
2/23/13 23:59,39.0,0.0,21.0
2/24/13 23:59,41.0,0.0,17.0
2/25/13 23:59,39.0,0.0,12.0
2/26/13 23:59,40.0,0.0,20.0
2/27/13 23:59,42.0,0.0,24.0
2/28/13 23:59,45.0,0.0,12.0
3/1/13 23:59,41.0,0.0,15.0
3/2/13 23:59,36.0,0.0,13.0
3/3/13 23:59,35.0,0.0,16.0
3/4/13 23:59,35.0,0.0,18.0
3/5/13 23:59,40.0,0.0,15.0
3/6/13 23:59,40.0,0.0,30.0
3/7/13 23:59,36.0,0.0,26.0
3/8/13 23:59,37.0,2.0,17.0
3/9/13 23:59,45.0,2.0,16.0
3/10/13 23:59,43.0,0.0,13.0
3/11/13 23:59,47.0,0.0,16.0
3/12/13 23:59,50.0,0.0,20.0
3/13/13 23:59,45.0,0.0,17.0
3/14/13 23:59,35.0,0.0,21.0
3/15/13 23:59,39.0,0.0,16.0
3/16/13 23:59,37.0,0.0,13.0
3/17/13 23:59,34.0,0.0,14.0
3/18/13 23:59,32.0,0.0,17.0
3/19/13 23:59,38.0,2.0,23.0
3/20/13 23:59,39.0,0.0,20.0
3/21/13 23:59,35.0,0.0,14.0
3/22/13 23:59,35.0,0.0,17.0
3/23/13 23:59,39.0,0.0,18.0
3/24/13 23:59,40.0,0.0,13.0
3/25/13 23:59,38.0,0.0,24.0
3/26/13 23:59,45.0,0.0,13.0
3/27/13 23:59,45.0,0.0,16.0
3/28/13 23:59,44.0,0.0,13.0
3/29/13 23:59,48.0,0.0,15.0
3/30/13 23:59,50.0,0.0,12.0
3/31/13 23:59,49.0,0.0,16.0
4/1/13 23:59,50.0,0.0,20.0
4/2/13 23:59,38.0,0.0,18.0
4/3/13 23:59,40.0,0.0,15.0
4/4/13 23:59,43.0,0.0,13.0
4/5/13 23:59,53.0,0.0,17.0
4/6/13 23:59,44.0,0.0,20.0
4/7/13 23:59,48.0,0.0,14.0
4/8/13 23:59,62.0,0.0,16.0
4/9/13 23:59,67.0,0.0,17.0
4/10/13 23:59,65.0,0.0,16.0
4/11/13 23:59,54.0,0.0,15.0
4/12/13 23:59,44.0,0.0,23.0
4/13/13 23:59,50.0,0.0,13.0
4/14/13 23:59,52.0,0.0,16.0
4/15/13 23:59,52.0,0.0,14.0
4/16/13 23:59,55.0,0.0,18.0
4/17/13 23:59,63.0,0.0,12.0
4/18/13 23:59,55.0,0.0,17.0
4/19/13 23:59,63.0,0.0,16.0
4/20/13 23:59,52.0,0.0,16.0
4/21/13 23:59,46.0,0.0,15.0
4/22/13 23:59,48.0,0.0,21.0
4/23/13 23:59,47.0,0.0,20.0
4/24/13 23:59,57.0,0.0,12.0
4/25/13 23:59,56.0,0.0,16.0
4/26/13 23:59,59.0,0.0,13.0
4/27/13 23:59,60.0,0.0,13.0
4/28/13 23:59,60.0,0.0,14.0
4/29/13 23:59,55.0,0.0,13.0
4/30/13 23:59,60.0,0.0,10.0
5/1/13 23:59,58.0,0.0,16.0
5/2/13 23:59,61.0,0.0,9.0
5/3/13 23:59,58.0,0.0,17.0
5/4/13 23:59,59.0,0.0,16.0
5/5/13 23:59,55.0,0.0,14.0
5/6/13 23:59,58.0,0.0,12.0
5/7/13 23:59,63.0,0.0,10.0
5/8/13 23:59,59.0,0.0,12.0
5/9/13 23:59,61.0,0.0,9.0
5/10/13 23:59,69.0,0.0,10.0
5/11/13 23:59,66.0,0.0,10.0
5/12/13 23:59,61.0,0.0,16.0
5/13/13 23:59,52.0,0.0,15.0
5/14/13 23:59,52.0,0.0,10.0
5/15/13 23:59,61.0,0.0,22.0
5/16/13 23:59,71.0,0.0,13.0
5/17/13 23:59,65.0,0.0,17.0
5/18/13 23:59,61.0,0.0,9.0
5/19/13 23:59,57.0,0.0,12.0
5/20/13 23:59,69.0,0.0,10.0
5/21/13 23:59,77.0,0.0,13.0
5/22/13 23:59,69.0,0.0,16.0
5/23/13 23:59,72.0,0.0,12.0
5/24/13 23:59,55.0,0.0,15.0
5/25/13 23:59,50.0,0.0,17.0
5/26/13 23:59,57.0,0.0,20.0
5/27/13 23:59,62.0,0.0,12.0
5/28/13 23:59,62.0,0.0,10.0
5/29/13 23:59,70.0,0.0,10.0
5/30/13 23:59,81.0,0.0,10.0
5/31/13 23:59,83.0,0.0,10.0
6/1/13 23:59,82.0,0.0,12.0
6/2/13 23:59,79.0,0.0,15.0
6/3/13 23:59,72.0,0.0,12.0
6/4/13 23:59,66.0,0.0,13.0
6/5/13 23:59,66.0,0.0,10.0
6/6/13 23:59,65.0,0.0,13.0
6/7/13 23:59,61.0,0.0,20.0
6/8/13 23:59,67.0,0.0,15.0
6/9/13 23:59,72.0,0.0,10.0
6/10/13 23:59,66.0,0.0,14.0
6/11/13 23:59,72.0,0.0,16.0
6/12/13 23:59,71.0,0.0,16.0
6/13/13 23:59,62.0,0.0,20.0
6/14/13 23:59,63.0,0.0,18.0
6/15/13 23:59,71.0,0.0,12.0
6/16/13 23:59,73.0,0.0,15.0
6/17/13 23:59,77.0,0.0,10.0
6/18/13 23:59,74.0,0.0,12.0
6/19/13 23:59,68.0,0.0,13.0
6/20/13 23:59,71.0,0.0,12.0
6/21/13 23:59,73.0,0.0,10.0
6/22/13 23:59,75.0,0.0,10.0
6/23/13 23:59,79.0,0.0,14.0
6/24/13 23:59,83.0,0.0,13.0
6/25/13 23:59,82.0,0.0,14.0
6/26/13 23:59,80.0,0.0,12.0
6/27/13 23:59,80.0,0.0,13.0
6/28/13 23:59,79.0,0.0,12.0
6/29/13 23:59,77.0,0.0,12.0
6/30/13 23:59,80.0,0.0,10.0
7/1/13 23:59,75.0,0.0,14.0
7/2/13 23:59,77.0,0.0,12.0
7/3/13 23:59,78.0,0.0,12.0
7/4/13 23:59,81.0,0.0,14.0
7/5/13 23:59,83.0,0.0,13.0
7/6/13 23:59,85.0,0.0,13.0
7/7/13 23:59,85.0,0.0,13.0
7/8/13 23:59,81.0,0.0,13.0
7/9/13 23:59,81.0,0.0,15.0
7/10/13 23:59,80.0,0.0,13.0
7/11/13 23:59,80.0,0.0,10.0
7/12/13 23:59,73.0,0.0,18.0
7/13/13 23:59,74.0,0.0,13.0
7/14/13 23:59,82.0,0.0,10.0
7/15/13 23:59,86.0,0.0,9.0
7/16/13 23:59,86.0,0.0,14.0
7/17/13 23:59,88.0,0.0,9.0
7/18/13 23:59,90.0,0.0,9.0
7/19/13 23:59,90.0,0.0,15.0
7/20/13 23:59,87.0,0.0,15.0
7/21/13 23:59,83.0,0.0,12.0
7/22/13 23:59,81.0,0.0,12.0
7/23/13 23:59,80.0,0.0,14.0
7/24/13 23:59,76.0,0.0,14.0
7/25/13 23:59,66.0,0.0,17.0
7/26/13 23:59,74.0,0.0,13.0
7/27/13 23:59,76.0,0.0,12.0
7/28/13 23:59,74.0,0.0,13.0
7/29/13 23:59,77.0,0.0,14.0
7/30/13 23:59,75.0,0.0,10.0
7/31/13 23:59,75.0,0.0,8.0
8/1/13 23:59,71.0,0.0,10.0
8/2/13 23:59,75.0,0.0,13.0
8/3/13 23:59,73.0,0.0,13.0
8/4/13 23:59,73.0,0.0,13.0
8/5/13 23:59,70.0,0.0,10.0
8/6/13 23:59,73.0,0.0,9.0
8/7/13 23:59,75.0,0.0,13.0
8/8/13 23:59,76.0,0.0,10.0
8/9/13 23:59,80.0,0.0,16.0
8/10/13 23:59,77.0,0.0,14.0
8/11/13 23:59,73.0,0.0,9.0
8/12/13 23:59,76.0,0.0,8.0
8/13/13 23:59,73.0,0.0,12.0
8/14/13 23:59,68.0,0.0,15.0
8/15/13 23:59,69.0,0.0,10.0
8/16/13 23:59,73.0,0.0,8.0
8/17/13 23:59,74.0,0.0,8.0
8/18/13 23:59,72.0,0.0,10.0
8/19/13 23:59,73.0,0.0,9.0
8/20/13 23:59,78.0,0.0,9.0
8/21/13 23:59,81.0,0.0,8.0
8/22/13 23:59,75.0,0.0,10.0
8/23/13 23:59,77.0,0.0,13.0
8/24/13 23:59,73.0,0.0,14.0
8/25/13 23:59,74.0,0.0,10.0
8/26/13 23:59,76.0,0.0,14.0
8/27/13 23:59,79.0,0.0,12.0
8/28/13 23:59,79.0,0.0,9.0
8/29/13 23:59,76.0,0.0,12.0
8/30/13 23:59,78.0,0.0,13.0
8/31/13 23:59,80.0,0.0,13.0
9/1/13 23:59,80.0,0.0,10.0
9/2/13 23:59,78.0,0.0,12.0
9/3/13 23:59,75.0,0.0,12.0
9/4/13 23:59,74.0,0.0,12.0
9/5/13 23:59,72.0,0.0,13.0
9/6/13 23:59,65.0,0.0,12.0
9/7/13 23:59,70.0,0.0,10.0
9/8/13 23:59,74.0,0.0,15.0
9/9/13 23:59,65.0,0.0,12.0
9/10/13 23:59,78.0,0.0,12.0
9/11/13 23:59,87.0,0.0,12.0
9/12/13 23:59,79.0,0.0,15.0
9/13/13 23:59,68.0,0.0,14.0
9/14/13 23:59,61.0,0.0,12.0
9/15/13 23:59,62.0,0.0,9.0
9/16/13 23:59,65.0,0.0,14.0
9/17/13 23:59,58.0,0.0,17.0
9/18/13 23:59,62.0,0.0,9.0
9/19/13 23:59,67.0,0.0,8.0
9/20/13 23:59,70.0,0.0,9.0
9/21/13 23:59,69.0,0.0,16.0
9/22/13 23:59,62.0,0.0,14.0
9/23/13 23:59,58.0,0.0,12.0
9/24/13 23:59,60.0,0.0,12.0
9/25/13 23:59,63.0,0.0,7.0
9/26/13 23:59,65.0,0.0,10.0
9/27/13 23:59,63.0,0.0,10.0
9/28/13 23:59,65.0,0.0,12.0
9/29/13 23:59,65.0,0.0,9.0
9/30/13 23:59,66.0,0.0,12.0
10/1/13 23:59,71.0,0.0,10.0
10/2/13 23:59,74.0,0.0,13.0
10/3/13 23:59,71.0,0.0,7.0
10/4/13 23:59,76.0,0.0,9.0
10/5/13 23:59,70.0,0.0,8.0
10/6/13 23:59,68.0,0.0,10.0
10/7/13 23:59,68.0,0.0,15.0
10/8/13 23:59,61.0,0.0,13.0
10/9/13 23:59,58.0,0.0,18.0
10/10/13 23:59,60.0,0.0,16.0
10/11/13 23:59,64.0,0.0,17.0
10/12/13 23:59,66.0,0.0,21.0
10/13/13 23:59,61.0,0.0,17.0
10/14/13 23:59,59.0,0.0,8.0
10/15/13 23:59,63.0,0.0,8.0
10/16/13 23:59,62.0,0.0,8.0
10/17/13 23:59,67.0,0.0,9.0
10/18/13 23:59,62.0,0.0,15.0
10/19/13 23:59,58.0,0.0,10.0
10/20/13 23:59,57.0,0.0,14.0
10/21/13 23:59,58.0,0.0,10.0
10/22/13 23:59,59.0,0.0,12.0
10/23/13 23:59,50.0,0.0,14.0
10/24/13 23:59,48.0,0.0,15.0
10/25/13 23:59,47.0,0.0,15.0
10/26/13 23:59,48.0,0.0,17.0
10/27/13 23:59,52.0,0.0,13.0
10/28/13 23:59,52.0,0.0,13.0
10/29/13 23:59,50.0,0.0,10.0
10/30/13 23:59,54.0,0.0,9.0
10/31/13 23:59,60.0,0.0,13.0
11/1/13 23:59,65.0,0.0,23.0
11/2/13 23:59,62.0,0.0,10.0
11/3/13 23:59,46.0,0.0,15.0
11/4/13 23:59,41.0,0.0,15.0
11/5/13 23:59,48.0,0.0,10.0
11/6/13 23:59,55.0,0.0,9.0
11/7/13 23:59,54.0,0.0,15.0
11/8/13 23:59,45.0,0.0,16.0
11/9/13 23:59,44.0,0.0,13.0
11/10/13 23:59,53.0,0.0,18.0
11/11/13 23:59,48.0,0.0,16.0
11/12/13 23:59,42.0,0.0,16.0
11/13/13 23:59,34.0,0.0,14.0
11/14/13 23:59,43.0,0.0,17.0
11/15/13 23:59,51.0,0.0,13.0
11/16/13 23:59,53.0,0.0,12.0
11/17/13 23:59,56.0,0.0,10.0
11/18/13 23:59,58.0,0.0,20.0
11/19/13 23:59,44.0,0.0,20.0
11/20/13 23:59,38.0,0.0,15.0
11/21/13 23:59,44.0,0.0,10.0
11/22/13 23:59,54.0,0.0,12.0
11/23/13 23:59,43.0,0.0,21.0
11/24/13 23:59,27.0,0.0,25.0
11/25/13 23:59,29.0,0.0,15.0
11/26/13 23:59,40.0,0.0,12.0
11/27/13 23:59,49.0,0.0,20.0
11/28/13 23:59,33.0,0.0,22.0
11/29/13 23:59,34.0,0.0,13.0
11/30/13 23:59,32.0,0.0,12.0
12/1/13 23:59,43.0,0.0,7.0
12/2/13 23:59,45.0,0.0,8.0
12/3/13 23:59,46.0,0.0,8.0
12/4/13 23:59,47.0,0.0,8.0
12/5/13 23:59,54.0,0.0,9.0
12/6/13 23:59,50.0,0.0,15.0
12/7/13 23:59,37.0,0.0,13.0
12/8/13 23:59,31.0,0.0,15.0
12/9/13 23:59,35.0,0.003,22.0
12/10/13 23:59,34.0,0.0,14.0
12/11/13 23:59,30.0,0.0,15.0
12/12/13 23:59,27.0,0.0,16.0
12/13/13 23:59,29.0,0.0,18.0
12/14/13 23:59,28.0,0.0,21.0
12/15/13 23:59,35.0,3.0,21.0
12/16/13 23:59,29.0,3.0,17.0
12/17/13 23:59,28.0,3.0,13.0
12/18/13 23:59,30.0,4.0,14.0
12/19/13 23:59,39.0,3.0,15.0
12/20/13 23:59,47.0,3.0,16.0
12/21/13 23:59,58.0,1.0,16.0
12/22/13 23:59,66.0,0.0,16.0
12/23/13 23:59,53.0,0.0,17.0
12/24/13 23:59,34.0,0.0,18.0
12/25/13 23:59,25.0,0.0,21.0
12/26/13 23:59,33.0,0.0,14.0
12/27/13 23:59,36.0,0.0,12.0
12/28/13 23:59,46.0,0.0,16.0
12/29/13 23:59,45.0,0.0,16.0
12/30/13 23:59,34.0,0.0,15.0
1/1/14 23:59,29.0,0.0,14.0
1/2/14 23:59,26.0,0.0,21.0
1/3/14 23:59,14.0,6.0,21.0
1/4/14 23:59,19.0,6.0,9.0
1/5/14 23:59,34.0,4.0,7.0
1/6/14 23:59,37.0,1.0,18.0
1/7/14 23:59,12.0,0.0,23.0
1/8/14 23:59,16.0,0.0,15.0
1/9/14 23:59,27.0,0.0,12.0
1/10/14 23:59,34.0,0.0,8.0
1/11/14 23:59,48.0,0.0,17.0
1/12/14 23:59,46.0,0.0,20.0
1/13/14 23:59,44.0,0.0,14.0
1/14/14 23:59,48.0,0.0,13.0
1/15/14 23:59,43.0,0.0,12.0
1/16/14 23:59,39.0,0.0,10.0
1/17/14 23:59,39.0,0.0,12.0
1/18/14 23:59,35.0,0.0,15.0
1/19/14 23:59,31.0,0.0,21.0
1/20/14 23:59,39.0,0.0,17.0
1/21/14 23:59,21.0,0.0,20.0
1/22/14 23:59,11.0,11.0,22.0
1/23/14 23:59,14.0,7.0,16.0
1/24/14 23:59,15.0,6.0,17.0
1/25/14 23:59,24.0,4.0,17.0
1/26/14 23:59,26.0,4.0,16.0
1/27/14 23:59,33.0,3.0,17.0
1/28/14 23:59,17.0,1.0,15.0
1/29/14 23:59,19.0,2.0,15.0
1/30/14 23:59,23.0,1.0,9.0
1/31/14 23:59,32.0,1.0,14.0
2/1/14 23:59,41.0,1.0,13.0
2/2/14 23:59,48.0,1.0,10.0
2/3/14 23:59,35.0,1.0,10.0
2/4/14 23:59,29.0,8.0,7.0
2/5/14 23:59,32.0,9.0,15.0
2/6/14 23:59,27.0,9.0,13.0
2/7/14 23:59,28.0,9.0,15.0
2/8/14 23:59,25.0,9.0,12.0
2/9/14 23:59,26.0,8.0,12.0
2/10/14 23:59,25.0,10.0,15.0
2/11/14 23:59,21.0,10.0,14.0
2/12/14 23:59,19.0,10.0,14.0
2/13/14 23:59,30.0,12.0,25.0
2/14/14 23:59,36.0,18.0,22.0
2/15/14 23:59,32.0,18.0,18.0
2/16/14 23:59,26.0,18.0,18.0
2/17/14 23:59,25.0,17.0,16.0
2/18/14 23:59,33.0,18.0,16.0
2/19/14 23:59,40.0,17.0,16.0
2/20/14 23:59,44.0,15.0,14.0
2/21/14 23:59,43.0,13.0,21.0
2/22/14 23:59,47.0,10.0,17.0
2/23/14 23:59,49.0,9.0,18.0
2/24/14 23:59,36.0,6.0,17.0
2/25/14 23:59,29.0,6.0,18.0
2/26/14 23:59,26.0,6.0,17.0
2/27/14 23:59,24.0,6.0,21.0
2/28/14 23:59,17.0,6.0,15.0
3/1/14 23:59,29.0,6.0,12.0
3/2/14 23:59,36.0,5.0,13.0
3/3/14 23:59,25.0,5.0,16.0
3/4/14 23:59,21.0,5.0,13.0
3/5/14 23:59,33.0,4.0,17.0
3/6/14 23:59,24.0,4.0,17.0
3/7/14 23:59,32.0,4.0,16.0
3/8/14 23:59,46.0,3.0,17.0
3/9/14 23:59,40.0,2.0,15.0
3/10/14 23:59,44.0,1.0,15.0
3/11/14 23:59,56.0,0.0,13.0
3/12/14 23:59,44.0,0.0,20.0
3/13/14 23:59,25.0,0.0,23.0
3/14/14 23:59,34.0,0.0,14.0
3/15/14 23:59,50.0,0.0,21.0
3/16/14 23:59,36.0,0.0,16.0
3/17/14 23:59,29.0,0.0,15.0
3/18/14 23:59,36.0,0.0,20.0
3/19/14 23:59,39.0,0.0,15.0
3/20/14 23:59,47.0,0.0,20.0
3/21/14 23:59,45.0,0.0,16.0
3/22/14 23:59,52.0,0.0,18.0
3/23/14 23:59,35.0,0.0,15.0
3/24/14 23:59,28.0,0.0,15.0
3/25/14 23:59,33.0,0.0,16.0
3/26/14 23:59,30.0,0.0,23.0
3/27/14 23:59,33.0,0.0,14.0
3/28/14 23:59,50.0,0.0,13.0
3/29/14 23:59,51.0,0.0,23.0
3/30/14 23:59,44.0,0.0,21.0
3/31/14 23:59,46.0,0.0,13.0
4/1/14 23:59,50.0,0.0,17.0
4/2/14 23:59,48.0,0.0,9.0
4/3/14 23:59,57.0,0.0,10.0
4/4/14 23:59,44.0,0.0,15.0
4/5/14 23:59,47.0,0.0,20.0
4/6/14 23:59,49.0,0.0,13.0
4/7/14 23:59,48.0,0.0,16.0
4/8/14 23:59,55.0,0.0,17.0
4/9/14 23:59,53.0,0.0,17.0
4/10/14 23:59,50.0,0.0,16.0
4/11/14 23:59,66.0,0.0,13.0
4/12/14 23:59,62.0,0.0,14.0
4/13/14 23:59,66.0,0.0,15.0
4/14/14 23:59,67.0,0.0,17.0
4/15/14 23:59,48.0,0.0,17.0
4/16/14 23:59,40.0,0.0,16.0
4/17/14 23:59,42.0,0.0,17.0
4/18/14 23:59,42.0,0.0,14.0
4/19/14 23:59,55.0,0.0,16.0
4/20/14 23:59,53.0,0.0,16.0
4/21/14 23:59,54.0,0.0,13.0
4/22/14 23:59,61.0,0.0,13.0
4/23/14 23:59,53.0,0.0,21.0
4/24/14 23:59,52.0,0.0,18.0
4/25/14 23:59,54.0,0.0,16.0
4/26/14 23:59,57.0,0.0,14.0
4/27/14 23:59,53.0,0.0,16.0
4/28/14 23:59,56.0,0.0,14.0
4/29/14 23:59,48.0,0.0,16.0
4/30/14 23:59,47.0,0.0,18.0
5/1/14 23:59,65.0,0.0,13.0
5/2/14 23:59,63.0,0.0,16.0
5/3/14 23:59,63.0,0.0,12.0
5/4/14 23:59,60.0,0.0,21.0
5/5/14 23:59,60.0,0.0,16.0
5/6/14 23:59,62.0,0.0,13.0
5/7/14 23:59,60.0,0.0,13.0
5/8/14 23:59,56.0,0.0,8.0
5/9/14 23:59,59.0,0.0,13.0
5/10/14 23:59,70.0,0.0,17.0
5/11/14 23:59,71.0,0.0,13.0
5/12/14 23:59,75.0,0.0,10.0
5/13/14 23:59,63.0,0.0,20.0
5/14/14 23:59,62.0,0.0,10.0
5/15/14 23:59,65.0,0.0,13.0
5/16/14 23:59,63.0,0.0,16.0
5/17/14 23:59,62.0,0.0,13.0
5/18/14 23:59,59.0,0.0,12.0
5/19/14 23:59,61.0,0.0,14.0
5/20/14 23:59,66.0,0.0,13.0
5/21/14 23:59,69.0,0.0,10.0
5/22/14 23:59,63.0,0.0,10.0
5/23/14 23:59,64.0,0.0,13.0
5/24/14 23:59,64.0,0.0,12.0
5/25/14 23:59,68.0,0.0,10.0
5/26/14 23:59,76.0,0.0,14.0
5/27/14 23:59,75.0,0.0,16.0
5/28/14 23:59,59.0,0.0,16.0
5/29/14 23:59,59.0,0.0,13.0
5/30/14 23:59,65.0,0.0,16.0
5/31/14 23:59,65.0,0.0,20.0
6/1/14 23:59,66.0,0.0,10.0
6/2/14 23:59,70.0,0.0,10.0
6/3/14 23:59,76.0,0.0,13.0
6/4/14 23:59,73.0,0.0,10.0
6/5/14 23:59,69.0,0.0,13.0
6/6/14 23:59,69.0,0.0,10.0
6/7/14 23:59,71.0,0.0,9.0
6/8/14 23:59,76.0,0.0,13.0
6/9/14 23:59,68.0,0.0,9.0
6/10/14 23:59,71.0,0.0,8.0
6/11/14 23:59,66.0,0.0,16.0
6/12/14 23:59,67.0,0.0,10.0
6/13/14 23:59,72.0,0.0,9.0
6/14/14 23:59,67.0,0.0,14.0
6/15/14 23:59,70.0,0.0,12.0
6/16/14 23:59,72.0,0.0,12.0
6/17/14 23:59,80.0,0.0,9.0
6/18/14 23:59,83.0,0.0,14.0
6/19/14 23:59,73.0,0.0,10.0
6/20/14 23:59,72.0,0.0,12.0
6/21/14 23:59,70.0,0.0,13.0
6/22/14 23:59,72.0,0.0,9.0
6/23/14 23:59,73.0,0.0,12.0
6/24/14 23:59,75.0,0.0,12.0
6/25/14 23:59,78.0,0.0,12.0
6/26/14 23:59,78.0,0.0,13.0
6/27/14 23:59,75.0,0.0,13.0
6/28/14 23:59,77.0,0.0,12.0
6/29/14 23:59,76.0,0.0,12.0
6/30/14 23:59,77.0,0.0,10.0
7/1/14 23:59,81.0,0.0,14.0
7/2/14 23:59,82.0,0.0,15.0
7/3/14 23:59,78.0,0.0,12.0
7/4/14 23:59,70.0,0.0,14.0
7/5/14 23:59,72.0,0.0,15.0
7/6/14 23:59,75.0,0.0,17.0
7/7/14 23:59,81.0,0.0,14.0
7/8/14 23:59,81.0,0.0,15.0
7/9/14 23:59,80.0,0.0,13.0
7/10/14 23:59,78.0,0.0,10.0
7/11/14 23:59,79.0,0.0,10.0
7/12/14 23:59,78.0,0.0,10.0
7/13/14 23:59,78.0,0.0,9.0
7/14/14 23:59,78.0,0.0,12.0
7/15/14 23:59,79.0,0.0,13.0
7/16/14 23:59,75.0,0.0,10.0
7/17/14 23:59,74.0,0.0,10.0
7/18/14 23:59,73.0,0.0,9.0
7/19/14 23:59,72.0,0.0,7.0
7/20/14 23:59,73.0,0.0,12.0
7/21/14 23:59,76.0,0.0,8.0
7/22/14 23:59,79.0,0.0,12.0
7/23/14 23:59,80.0,0.0,16.0
7/24/14 23:59,75.0,0.0,10.0
7/25/14 23:59,74.0,0.0,9.0
7/26/14 23:59,75.0,0.0,9.0
7/27/14 23:59,78.0,0.0,12.0
7/28/14 23:59,75.0,0.0,16.0
7/29/14 23:59,70.0,0.0,14.0
7/30/14 23:59,72.0,0.0,10.0
7/31/14 23:59,75.0,0.0,12.0
8/1/14 23:59,78.0,0.0,12.0
8/2/14 23:59,69.0,0.0,17.0
8/3/14 23:59,71.0,0.0,9.0
8/4/14 23:59,77.0,0.0,9.0
8/5/14 23:59,81.0,0.0,12.0
8/6/14 23:59,77.0,0.0,15.0
8/7/14 23:59,75.0,0.0,13.0
8/8/14 23:59,74.0,0.0,9.0
8/9/14 23:59,77.0,0.0,9.0
8/10/14 23:59,78.0,0.0,8.0
8/11/14 23:59,79.0,0.0,9.0
8/12/14 23:59,75.0,0.0,15.0
8/13/14 23:59,75.0,0.0,16.0
8/14/14 23:59,70.0,0.0,13.0
8/15/14 23:59,67.0,0.0,13.0
8/16/14 23:59,71.0,0.0,10.0
8/17/14 23:59,74.0,0.0,12.0
8/18/14 23:59,72.0,0.0,9.0
8/19/14 23:59,73.0,0.0,9.0
8/20/14 23:59,77.0,0.0,10.0
8/21/14 23:59,74.0,0.0,12.0
8/22/14 23:59,72.0,0.0,10.0
8/23/14 23:59,72.0,0.0,13.0
8/24/14 23:59,72.0,0.0,10.0
8/25/14 23:59,76.0,0.0,10.0
8/26/14 23:59,80.0,0.0,7.0
8/27/14 23:59,80.0,0.0,10.0
8/28/14 23:59,74.0,0.0,13.0
8/29/14 23:59,71.0,0.0,12.0
8/30/14 23:59,73.0,0.0,8.0
8/31/14 23:59,82.0,0.0,15.0
9/1/14 23:59,82.0,0.0,10.0
9/2/14 23:59,85.0,0.0,15.0
9/3/14 23:59,79.0,0.0,13.0
9/4/14 23:59,78.0,0.0,10.0
9/5/14 23:59,80.0,0.0,10.0
9/6/14 23:59,79.0,0.0,13.0
9/7/14 23:59,73.0,0.0,12.0
9/8/14 23:59,70.0,0.0,14.0
9/9/14 23:59,68.0,0.0,15.0
9/10/14 23:59,72.0,0.0,14.0
9/11/14 23:59,76.0,0.0,12.0
9/12/14 23:59,70.0,0.0,12.0
9/13/14 23:59,64.0,0.0,12.0
9/14/14 23:59,62.0,0.0,10.0
9/15/14 23:59,63.0,0.0,9.0
9/16/14 23:59,64.0,0.0,9.0
9/17/14 23:59,64.0,0.0,9.0
9/18/14 23:59,67.0,0.0,13.0
9/19/14 23:59,60.0,0.0,16.0
9/20/14 23:59,66.0,0.0,12.0
9/21/14 23:59,71.0,0.0,9.0
9/22/14 23:59,63.0,0.0,15.0
9/23/14 23:59,62.0,0.0,8.0
9/24/14 23:59,65.0,0.0,14.0
9/25/14 23:59,61.0,0.0,16.0
9/26/14 23:59,68.0,0.0,13.0
9/27/14 23:59,72.0,0.0,9.0
9/28/14 23:59,74.0,0.0,9.0
9/29/14 23:59,73.0,0.0,9.0
9/30/14 23:59,67.0,0.0,13.0
10/1/14 23:59,63.0,0.0,14.0
10/2/14 23:59,66.0,0.0,13.0
10/3/14 23:59,64.0,0.0,10.0
10/4/14 23:59,61.0,0.0,16.0
10/5/14 23:59,54.0,0.0,15.0
10/6/14 23:59,60.0,0.0,15.0
10/7/14 23:59,67.0,0.0,10.0
10/8/14 23:59,68.0,0.0,15.0
10/9/14 23:59,62.0,0.0,18.0
10/10/14 23:59,58.0,0.0,7.0
10/11/14 23:59,55.0,0.0,10.0
10/12/14 23:59,56.0,0.0,13.0
10/13/14 23:59,59.0,0.0,8.0
10/14/14 23:59,70.0,0.0,13.0
10/15/14 23:59,73.0,0.0,14.0
10/16/14 23:59,66.0,0.0,13.0
10/17/14 23:59,65.0,0.0,14.0
10/18/14 23:59,63.0,0.0,15.0
10/19/14 23:59,50.0,0.0,17.0
10/20/14 23:59,51.0,0.0,12.0
10/21/14 23:59,61.0,0.0,12.0
10/22/14 23:59,54.0,0.0,18.0
10/23/14 23:59,52.0,0.0,12.0
10/24/14 23:59,57.0,0.0,12.0
10/25/14 23:59,59.0,0.0,13.0
10/26/14 23:59,58.0,0.0,18.0
10/27/14 23:59,56.0,0.0,13.0
10/28/14 23:59,63.0,0.0,12.0
10/29/14 23:59,62.0,0.0,14.0
10/30/14 23:59,53.0,0.0,10.0
10/31/14 23:59,50.0,0.0,15.0
11/1/14 23:59,45.0,0.0,21.0
11/2/14 23:59,45.0,0.0,21.0
11/3/14 23:59,50.0,0.0,16.0
11/4/14 23:59,61.0,0.0,13.0
11/5/14 23:59,60.0,0.0,14.0
11/6/14 23:59,53.0,0.0,9.0
11/7/14 23:59,47.0,0.0,17.0
11/8/14 23:59,42.0,0.0,16.0
11/9/14 23:59,52.0,0.0,14.0
11/10/14 23:59,53.0,0.0,9.0
11/11/14 23:59,57.0,0.0,10.0
11/12/14 23:59,56.0,0.0,10.0
11/13/14 23:59,42.0,0.0,9.0
11/14/14 23:59,39.0,0.0,14.0
11/15/14 23:59,38.0,0.0,12.0
11/16/14 23:59,40.0,0.0,10.0
11/17/14 23:59,46.0,0.0,14.0
11/18/14 23:59,35.0,0.0,22.0
11/19/14 23:59,29.0,0.0,16.0
11/20/14 23:59,38.0,0.0,17.0
11/21/14 23:59,33.0,0.0,17.0
11/22/14 23:59,36.0,0.0,15.0
11/23/14 23:59,50.0,0.0,14.0
11/24/14 23:59,61.0,0.0,17.0
11/25/14 23:59,60.0,0.0,14.0
11/26/14 23:59,43.0,0.0,18.0
11/27/14 23:59,36.0,0.0,12.0
11/28/14 23:59,33.0,0.0,17.0
11/29/14 23:59,36.0,0.0,10.0
11/30/14 23:59,50.0,0.0,13.0
12/1/14 23:59,54.0,0.0,14.0
12/2/14 23:59,39.0,0.0,17.0
12/3/14 23:59,44.0,0.0,16.0
12/4/14 23:59,41.0,0.0,13.0
12/5/14 23:59,39.0,0.0,17.0
12/6/14 23:59,45.0,0.0,17.0
12/7/14 23:59,36.0,0.0,25.0
12/8/14 23:59,31.0,0.0,20.0
12/9/14 23:59,39.0,0.0,22.0
12/10/14 23:59,36.0,0.0,16.0
12/11/14 23:59,35.0,1.0,17.0
12/12/14 23:59,35.0,0.0,15.0
12/13/14 23:59,39.0,0.0,16.0
12/14/14 23:59,42.0,0.0,13.0
12/15/14 23:59,43.0,0.0,8.0
12/16/14 23:59,44.0,0.0,12.0
12/17/14 23:59,48.0,0.0,16.0
12/18/14 23:59,40.0,0.0,16.0
12/19/14 23:59,35.0,0.0,14.0
12/20/14 23:59,32.0,0.0,12.0
12/21/14 23:59,34.0,0.0,9.0
12/22/14 23:59,40.0,0.0,12.0
12/23/14 23:59,45.0,0.0,17.0
12/24/14 23:59,51.0,0.0,12.0
12/25/14 23:59,53.0,0.0,20.0
12/26/14 23:59,45.0,0.0,13.0
12/27/14 23:59,50.0,0.0,14.0
12/28/14 23:59,49.0,0.0,15.0
12/29/14 23:59,39.0,0.0,15.0
12/30/14 23:59,31.0,0.0,10.0
1/1/15 23:59,33.0,0.0,17.0
1/2/15 23:59,39.0,0.0,15.0
1/3/15 23:59,38.0,0.0,12.0
1/4/15 23:59,49.0,0.0,29.0
1/5/15 23:59,35.0,0.0,24.0
1/6/15 23:59,21.0,0.0,14.0
1/7/15 23:59,16.0,1.0,22.0
1/8/15 23:59,15.0,0.003,18.0
1/9/15 23:59,26.0,0.003,21.0
1/10/15 23:59,20.0,1.0,18.0
1/11/15 23:59,28.0,1.0,14.0
1/12/15 23:59,37.0,0.003,12.0
1/13/15 23:59,27.0,0.0,18.0
1/14/15 23:59,24.0,0.0,14.0
1/15/15 23:59,30.0,0.0,15.0
1/16/15 23:59,32.0,0.0,21.0
1/17/15 23:59,25.0,0.0,14.0
1/18/15 23:59,37.0,0.0,10.0
1/19/15 23:59,39.0,0.0,16.0
1/20/15 23:59,36.0,0.0,13.0
1/21/15 23:59,31.0,0.0,10.0
1/22/15 23:59,36.0,0.0,14.0
1/23/15 23:59,34.0,0.0,14.0
1/24/15 23:59,36.0,3.0,14.0
1/25/15 23:59,37.0,2.0,17.0
1/26/15 23:59,27.0,2.0,23.0
1/27/15 23:59,25.0,8.0,17.0
1/28/15 23:59,25.0,8.0,16.0
1/29/15 23:59,28.0,6.0,14.0
1/30/15 23:59,29.0,7.0,22.0
1/31/15 23:59,20.0,7.0,24.0
2/1/15 23:59,28.0,6.0,12.0
2/2/15 23:59,24.0,7.0,22.0
2/3/15 23:59,20.0,8.0,17.0
2/4/15 23:59,34.0,8.0,13.0
2/5/15 23:59,28.0,8.0,20.0
2/6/15 23:59,20.0,8.0,17.0
2/7/15 23:59,33.0,8.0,12.0
2/8/15 23:59,33.0,8.0,18.0
2/9/15 23:59,27.0,8.0,20.0
2/10/15 23:59,33.0,8.0,18.0
2/11/15 23:59,28.0,8.0,18.0
2/12/15 23:59,28.0,8.0,22.0
2/13/15 23:59,15.0,8.0,22.0
2/14/15 23:59,24.0,8.0,14.0
2/15/15 23:59,15.0,9.0,23.0
2/16/15 23:59,12.0,9.0,21.0
2/17/15 23:59,21.0,12.0,12.0
2/18/15 23:59,26.0,9.0,15.0
2/19/15 23:59,18.0,9.0,20.0
2/20/15 23:59,11.0,9.0,22.0
2/21/15 23:59,23.0,9.0,14.0
2/22/15 23:59,38.0,13.0,12.0
2/23/15 23:59,23.0,12.0,17.0
2/24/15 23:59,14.0,12.0,14.0
2/25/15 23:59,29.0,12.0,15.0
2/26/15 23:59,27.0,11.0,15.0
2/27/15 23:59,24.0,11.0,13.0
2/28/15 23:59,21.0,11.0,12.0
3/1/15 23:59,28.0,10.0,15.0
3/2/15 23:59,33.0,15.0,18.0
3/3/15 23:59,30.0,14.0,14.0
3/4/15 23:59,40.0,13.0,15.0
3/5/15 23:59,30.0,13.0,14.0
3/6/15 23:59,20.0,19.0,14.0
3/7/15 23:59,28.0,18.0,16.0
3/8/15 23:59,43.0,16.0,20.0
3/9/15 23:59,47.0,13.0,16.0
3/10/15 23:59,46.0,11.0,12.0
3/11/15 23:59,52.0,6.0,14.0
3/12/15 23:59,42.0,4.0,20.0
3/13/15 23:59,37.0,2.0,13.0
3/14/15 23:59,46.0,1.0,15.0
3/15/15 23:59,40.0,0.0,23.0
3/16/15 23:59,44.0,0.0,13.0
3/17/15 23:59,46.0,0.0,24.0
3/18/15 23:59,34.0,0.0,20.0
3/19/15 23:59,36.0,0.0,14.0
3/20/15 23:59,34.0,0.0,17.0
3/21/15 23:59,38.0,5.0,16.0
3/22/15 23:59,36.0,0.0,18.0
3/23/15 23:59,31.0,0.0,16.0
3/24/15 23:59,36.0,0.0,13.0
3/25/15 23:59,42.0,0.0,13.0
3/26/15 23:59,52.0,0.0,14.0
3/27/15 23:59,43.0,0.0,12.0
3/28/15 23:59,33.0,0.0,15.0
3/29/15 23:59,36.0,0.0,14.0
3/30/15 23:59,45.0,0.0,24.0
3/31/15 23:59,41.0,0.0,13.0
4/1/15 23:59,42.0,0.0,15.0
4/2/15 23:59,54.0,0.0,20.0
4/3/15 23:59,62.0,0.0,16.0
4/4/15 23:59,51.0,0.0,24.0
4/5/15 23:59,52.0,0.0,18.0
4/6/15 23:59,53.0,0.0,12.0
4/7/15 23:59,52.0,0.0,17.0
4/8/15 23:59,41.0,0.0,22.0
4/9/15 23:59,40.0,0.0,18.0
4/10/15 23:59,48.0,0.0,14.0
4/11/15 23:59,51.0,0.0,17.0
4/12/15 23:59,55.0,0.0,13.0
4/13/15 23:59,59.0,0.0,15.0
4/14/15 23:59,60.0,0.0,13.0
4/15/15 23:59,62.0,0.0,21.0
4/16/15 23:59,58.0,0.0,16.0
4/17/15 23:59,63.0,0.0,15.0
4/18/15 23:59,70.0,0.0,15.0
4/19/15 23:59,56.0,0.0,15.0
4/20/15 23:59,52.0,0.0,16.0
4/21/15 23:59,59.0,0.0,16.0
4/22/15 23:59,59.0,0.0,20.0
4/23/15 23:59,47.0,0.0,21.0
4/24/15 23:59,46.0,0.0,17.0
4/25/15 23:59,50.0,0.0,14.0
4/26/15 23:59,55.0,0.0,13.0
4/27/15 23:59,56.0,0.0,16.0
4/28/15 23:59,61.0,0.0,17.0
4/29/15 23:59,64.0,0.0,17.0
4/30/15 23:59,58.0,0.0,15.0
5/1/15 23:59,56.0,0.0,14.0
5/2/15 23:59,61.0,0.0,15.0
5/3/15 23:59,66.0,0.0,10.0
5/4/15 23:59,71.0,0.0,15.0
5/5/15 23:59,76.0,0.0,13.0
5/6/15 23:59,66.0,0.0,14.0
5/7/15 23:59,68.0,0.0,10.0
5/8/15 23:59,69.0,0.0,13.0
5/9/15 23:59,64.0,0.0,9.0
5/10/15 23:59,72.0,0.0,13.0
5/11/15 23:59,77.0,0.0,13.0
5/12/15 23:59,75.0,0.0,15.0
5/13/15 23:59,62.0,0.0,15.0
5/14/15 23:59,62.0,0.0,13.0
5/15/15 23:59,65.0,0.0,13.0
5/16/15 23:59,66.0,0.0,10.0
5/17/15 23:59,74.0,0.0,7.0
5/18/15 23:59,68.0,0.0,14.0
5/19/15 23:59,70.0,0.0,14.0
5/20/15 23:59,61.0,0.0,14.0
5/21/15 23:59,57.0,0.0,12.0
5/22/15 23:59,65.0,0.0,18.0
5/23/15 23:59,60.0,0.0,15.0
5/24/15 23:59,69.0,0.0,10.0
5/25/15 23:59,75.0,0.0,13.0
5/26/15 23:59,78.0,0.0,12.0
5/27/15 23:59,78.0,0.0,15.0
5/28/15 23:59,78.0,0.0,12.0
5/29/15 23:59,75.0,0.0,12.0
5/30/15 23:59,76.0,0.0,14.0
5/31/15 23:59,72.0,0.0,20.0
6/1/15 23:59,55.0,0.0,16.0
6/2/15 23:59,53.0,0.0,14.0
6/3/15 23:59,61.0,0.0,10.0
6/4/15 23:59,60.0,0.0,12.0
6/5/15 23:59,63.0,0.0,9.0
6/6/15 23:59,68.0,0.0,9.0
6/7/15 23:59,65.0,0.0,12.0
6/8/15 23:59,71.0,0.0,15.0
6/9/15 23:59,76.0,0.0,15.0
6/10/15 23:59,74.0,0.0,13.0
6/11/15 23:59,81.0,0.0,14.0
6/12/15 23:59,81.0,0.0,13.0
6/13/15 23:59,79.0,0.0,14.0
6/14/15 23:59,77.0,0.0,10.0
6/15/15 23:59,74.0,0.0,17.0
6/16/15 23:59,72.0,0.0,8.0
6/17/15 23:59,74.0,0.0,12.0
6/18/15 23:59,68.0,0.0,8.0
6/19/15 23:59,78.0,0.0,10.0
6/20/15 23:59,70.0,0.0,15.0
6/21/15 23:59,80.0,0.0,16.0
6/22/15 23:59,79.0,0.0,13.0
6/23/15 23:59,83.0,0.0,16.0
6/24/15 23:59,76.0,0.0,13.0
6/25/15 23:59,74.0,0.0,13.0
6/26/15 23:59,75.0,0.0,16.0
6/27/15 23:59,65.0,0.0,16.0
6/28/15 23:59,68.0,0.0,18.0
6/29/15 23:59,70.0,0.0,12.0
6/30/15 23:59,75.0,0.0,14.0
7/1/15 23:59,76.0,0.0,14.0
7/2/15 23:59,75.0,0.0,8.0
7/3/15 23:59,74.0,0.0,9.0
7/4/15 23:59,72.0,0.0,9.0
7/5/15 23:59,76.0,0.0,7.0
7/6/15 23:59,78.0,0.0,12.0
7/7/15 23:59,82.0,0.0,13.0
7/8/15 23:59,83.0,0.0,13.0
7/9/15 23:59,74.0,0.0,12.0
7/10/15 23:59,78.0,0.0,12.0
7/11/15 23:59,79.0,0.0,10.0
7/12/15 23:59,81.0,0.0,7.0
7/13/15 23:59,81.0,0.0,10.0
7/14/15 23:59,78.0,0.0,8.0
7/15/15 23:59,77.0,0.0,13.0
7/16/15 23:59,72.0,0.0,15.0
7/17/15 23:59,74.0,0.0,12.0
7/18/15 23:59,78.0,0.0,10.0
7/19/15 23:59,86.0,0.0,14.0
7/20/15 23:59,88.0,0.0,12.0
7/21/15 23:59,82.0,0.0,10.0
7/22/15 23:59,77.0,0.0,14.0
7/23/15 23:59,77.0,0.0,13.0
7/24/15 23:59,79.0,0.0,10.0
7/25/15 23:59,79.0,0.0,10.0
7/26/15 23:59,82.0,0.0,12.0
7/27/15 23:59,79.0,0.0,20.0
7/28/15 23:59,85.0,0.0,9.0
7/29/15 23:59,87.0,0.0,10.0
7/30/15 23:59,82.0,0.0,12.0
7/31/15 23:59,81.0,0.0,12.0
8/1/15 23:59,82.0,0.0,14.0
8/2/15 23:59,80.0,0.0,12.0
8/3/15 23:59,83.0,0.0,12.0
8/4/15 23:59,79.0,0.0,23.0
8/5/15 23:59,80.0,0.0,12.0
8/6/15 23:59,75.0,0.0,9.0
8/7/15 23:59,77.0,0.0,13.0
8/8/15 23:59,75.0,0.0,12.0
8/9/15 23:59,77.0,0.0,10.0
8/10/15 23:59,77.0,0.0,13.0
8/11/15 23:59,76.0,0.0,12.0
8/12/15 23:59,78.0,0.0,12.0
8/13/15 23:59,75.0,0.0,10.0
8/14/15 23:59,78.0,0.0,9.0
8/15/15 23:59,83.0,0.0,8.0
8/16/15 23:59,85.0,0.0,9.0
8/17/15 23:59,87.0,0.0,10.0
8/18/15 23:59,82.0,0.0,14.0
8/19/15 23:59,82.0,0.0,12.0
8/20/15 23:59,82.0,0.0,16.0
8/21/15 23:59,79.0,0.0,12.0
8/22/15 23:59,78.0,0.0,10.0
8/23/15 23:59,78.0,0.0,10.0
8/24/15 23:59,80.0,0.0,9.0
8/25/15 23:59,82.0,0.0,10.0
8/26/15 23:59,76.0,0.0,12.0
8/27/15 23:59,75.0,0.0,10.0
8/28/15 23:59,73.0,0.0,8.0
8/29/15 23:59,77.0,0.0,12.0
8/30/15 23:59,81.0,0.0,12.0
8/31/15 23:59,84.0,0.0,13.0
9/1/15 23:59,83.0,0.0,9.0
9/2/15 23:59,83.0,0.0,9.0
9/3/15 23:59,84.0,0.0,10.0
9/4/15 23:59,79.0,0.0,17.0
9/5/15 23:59,75.0,0.0,14.0
9/6/15 23:59,76.0,0.0,9.0
9/7/15 23:59,81.0,0.0,10.0
9/8/15 23:59,87.0,0.0,13.0
9/9/15 23:59,83.0,0.0,13.0
9/10/15 23:59,75.0,0.0,12.0
9/11/15 23:59,74.0,0.0,14.0
9/12/15 23:59,74.0,0.0,14.0
9/13/15 23:59,71.0,0.0,15.0
9/14/15 23:59,68.0,0.0,14.0
9/15/15 23:59,73.0,0.0,8.0
9/16/15 23:59,77.0,0.0,7.0
9/17/15 23:59,79.0,0.0,12.0
9/18/15 23:59,78.0,0.0,9.0
9/19/15 23:59,76.0,0.0,12.0
9/20/15 23:59,72.0,0.0,15.0
9/21/15 23:59,66.0,0.0,17.0
9/22/15 23:59,67.0,0.0,14.0
9/23/15 23:59,70.0,0.0,9.0
9/24/15 23:59,71.0,0.0,13.0
9/25/15 23:59,70.0,0.0,13.0
9/26/15 23:59,67.0,0.0,18.0
9/27/15 23:59,64.0,0.0,9.0
9/28/15 23:59,72.0,0.0,9.0
9/29/15 23:59,78.0,0.0,10.0
9/30/15 23:59,69.0,0.0,16.0
10/1/15 23:59,60.0,0.0,16.0
10/2/15 23:59,53.0,0.0,23.0
10/3/15 23:59,52.0,0.0,21.0
10/4/15 23:59,58.0,0.0,21.0
10/5/15 23:59,60.0,0.0,15.0
10/6/15 23:59,63.0,0.0,9.0
10/7/15 23:59,66.0,0.0,8.0
10/8/15 23:59,66.0,0.0,9.0
10/9/15 23:59,70.0,0.0,17.0
10/10/15 23:59,58.0,0.0,12.0
10/11/15 23:59,61.0,0.0,10.0
10/12/15 23:59,67.0,0.0,10.0
10/13/15 23:59,67.0,0.0,10.0
10/14/15 23:59,63.0,0.0,12.0
10/15/15 23:59,58.0,0.0,10.0
10/16/15 23:59,59.0,0.0,13.0
10/17/15 23:59,49.0,0.0,13.0
10/18/15 23:59,44.0,0.0,16.0
10/19/15 23:59,44.0,0.0,14.0
10/20/15 23:59,59.0,0.0,14.0
10/21/15 23:59,67.0,0.0,12.0
10/22/15 23:59,67.0,0.0,12.0
10/23/15 23:59,55.0,0.0,14.0
10/24/15 23:59,49.0,0.0,10.0
10/25/15 23:59,58.0,0.0,13.0
10/26/15 23:59,52.0,0.0,12.0
10/27/15 23:59,52.0,0.0,10.0
10/28/15 23:59,61.0,0.0,14.0
10/29/15 23:59,65.0,0.0,17.0
10/30/15 23:59,55.0,0.0,13.0
10/31/15 23:59,49.0,0.0,10.0
11/1/15 23:59,60.0,0.0,16.0
11/2/15 23:59,59.0,0.0,8.0
11/3/15 23:59,60.0,0.0,8.0
11/4/15 23:59,63.0,0.0,9.0
11/5/15 23:59,64.0,0.0,9.0
11/6/15 23:59,70.0,0.0,14.0
11/7/15 23:59,63.0,0.0,12.0
11/8/15 23:59,51.0,0.0,15.0
11/9/15 23:59,51.0,0.0,9.0
11/10/15 23:59,54.0,0.0,23.0
11/11/15 23:59,54.0,0.0,13.0
11/12/15 23:59,56.0,0.0,17.0
11/13/15 23:59,52.0,0.0,20.0
11/14/15 23:59,46.0,0.0,21.0
11/15/15 23:59,49.0,0.0,13.0
11/16/15 23:59,59.0,0.0,14.0
11/17/15 23:59,46.0,0.0,17.0
11/18/15 23:59,52.0,0.0,13.0
11/19/15 23:59,61.0,0.0,17.0
11/20/15 23:59,55.0,0.0,15.0
11/21/15 23:59,48.0,0.0,16.0
11/22/15 23:59,49.0,0.0,13.0
11/23/15 23:59,39.0,0.0,13.0
11/24/15 23:59,39.0,0.0,12.0
11/25/15 23:59,43.0,0.0,9.0
11/26/15 23:59,51.0,0.0,8.0
11/27/15 23:59,58.0,0.0,9.0
11/28/15 23:59,55.0,0.0,2237.0
11/29/15 23:59,44.0,0.0,2237.0
11/30/15 23:59,40.0,0.0,13.0
12/1/15 23:59,48.0,0.0,12.0
12/2/15 23:59,52.0,0.0,9.0
12/3/15 23:59,50.0,0.0,16.0
12/4/15 23:59,47.0,0.0,12.0
12/5/15 23:59,46.0,0.0,9.0
12/6/15 23:59,46.0,0.0,12.0
12/7/15 23:59,48.0,0.0,10.0
12/8/15 23:59,45.0,0.0,13.0
12/9/15 23:59,48.0,0.0,13.0
12/10/15 23:59,56.0,0.0,12.0
12/11/15 23:59,56.0,0.0,13.0
12/12/15 23:59,61.0,0.0,9.0
12/13/15 23:59,61.0,0.0,12.0
12/14/15 23:59,60.0,0.0,13.0
12/15/15 23:59,61.0,0.0,21.0
12/16/15 23:59,50.0,0.0,14.0
12/17/15 23:59,55.0,0.0,12.0
12/18/15 23:59,48.0,0.0,17.0
12/19/15 23:59,38.0,0.0,20.0
12/20/15 23:59,39.0,0.0,17.0
12/21/15 23:59,48.0,0.0,17.0
12/22/15 23:59,58.0,0.0,14.0
12/23/15 23:59,58.0,0.0,10.0
12/24/15 23:59,68.0,0.0,15.0
12/25/15 23:59,62.0,0.0,8.0
12/26/15 23:59,53.0,0.0,15.0
12/27/15 23:59,54.0,0.0,15.0
12/28/15 23:59,40.0,0.0,18.0
12/29/15 23:59,40.0,0.0,18.0
12/30/15 23:59,43.0,0.0,9.0
12/31/15 23:59,45.0,0.0,14.0
1/1/16 23:59,38.0,0.0,17.0
1/2/16 23:59,36.0,0.0,15.0
1/3/16 23:59,40.0,0.0,17.0
1/4/16 23:59,25.0,0.0,21.0
1/5/16 23:59,20.0,0.0,20.0
1/6/16 23:59,33.0,0.0,13.0
1/7/16 23:59,39.0,0.0,7.0
1/8/16 23:59,39.0,0.0,14.0
1/9/16 23:59,44.0,0.0,15.0
1/10/16 23:59,50.0,0.0,22.0
1/11/16 23:59,33.0,0.0,20.0
1/12/16 23:59,35.0,0.0,22.0
1/13/16 23:59,26.0,0.0,21.0
1/14/16 23:59,30.0,0.0,15.0
1/15/16 23:59,43.0,0.0,12.0
1/16/16 23:59,47.0,0.0,15.0
1/17/16 23:59,36.0,0.0,13.0
1/18/16 23:59,25.0,0.003,22.0
1/19/16 23:59,22.0,0.003,20.0
1/20/16 23:59,32.0,0.003,14.0
1/21/16 23:59,31.0,0.0,15.0
1/22/16 23:59,26.0,0.0,16.0
1/23/16 23:59,26.0,6.0,25.0
1/24/16 23:59,28.0,22.0,17.0
1/25/16 23:59,34.0,19.0,9.0
1/26/16 23:59,43.0,17.0,16.0
1/27/16 23:59,41.0,9.0,15.0
1/28/16 23:59,37.0,6.0,14.0
1/29/16 23:59,36.0,6.0,17.0
1/30/16 23:59,34.0,6.0,16.0
1/31/16 23:59,46.0,4.0,14.0
2/1/16 23:59,52.0,2.0,14.0
2/2/16 23:59,44.0,0.003,12.0
2/3/16 23:59,51.0,0.0,18.0
2/4/16 23:59,52.0,0.0,14.0
2/5/16 23:59,38.0,1.0,17.0
2/6/16 23:59,35.0,0.0,14.0
2/7/16 23:59,40.0,0.0,18.0
2/8/16 23:59,34.0,0.0,21.0
2/9/16 23:59,32.0,0.003,14.0
2/10/16 23:59,35.0,0.0,16.0
2/11/16 23:59,25.0,0.0,20.0
2/12/16 23:59,21.0,0.0,15.0
2/13/16 23:59,14.0,0.0,23.0
2/14/16 23:59,7.0,0.0,20.0
2/15/16 23:59,24.0,0.0,12.0
2/16/16 23:59,45.0,0.0,18.0
2/17/16 23:59,37.0,0.0,14.0
2/18/16 23:59,32.0,0.0,15.0
2/19/16 23:59,32.0,0.0,14.0
2/20/16 23:59,50.0,0.0,16.0
2/21/16 23:59,50.0,0.0,14.0
2/22/16 23:59,45.0,0.0,16.0
2/23/16 23:59,38.0,0.0,24.0
2/24/16 23:59,48.0,0.0,21.0
2/25/16 23:59,49.0,0.0,20.0
2/26/16 23:59,33.0,0.0,22.0
2/27/16 23:59,34.0,0.0,15.0
2/28/16 23:59,49.0,0.0,17.0
2/29/16 23:59,54.0,0.0,15.0
3/1/16 23:59,46.0,0.0,15.0
3/2/16 23:59,42.0,0.0,23.0
3/3/16 23:59,31.0,0.0,16.0
3/4/16 23:59,35.0,0.003,16.0
3/5/16 23:59,35.0,0.0,13.0
3/6/16 23:59,38.0,0.0,13.0
3/7/16 23:59,48.0,0.0,17.0
3/8/16 23:59,57.0,0.0,14.0
3/9/16 23:59,61.0,0.0,10.0
3/10/16 23:59,71.0,0.0,12.0
3/11/16 23:59,58.0,0.0,17.0
3/12/16 23:59,50.0,0.0,15.0
3/13/16 23:59,56.0,0.0,12.0
3/14/16 23:59,46.0,0.0,28.0
3/15/16 23:59,51.0,0.0,23.0
3/16/16 23:59,57.0,0.0,13.0
3/17/16 23:59,54.0,0.0,20.0
3/18/16 23:59,50.0,0.0,22.0
3/19/16 23:59,41.0,0.0,15.0
3/20/16 23:59,38.0,0.0,18.0
3/21/16 23:59,41.0,0.003,20.0
3/22/16 23:59,46.0,0.0,15.0
3/23/16 23:59,60.0,0.0,15.0
3/24/16 23:59,50.0,0.0,20.0
3/25/16 23:59,58.0,0.0,14.0
3/26/16 23:59,47.0,0.0,14.0
3/27/16 23:59,49.0,0.0,13.0
3/28/16 23:59,52.0,0.0,25.0
3/29/16 23:59,47.0,0.0,26.0
3/30/16 23:59,47.0,0.0,16.0
3/31/16 23:59,61.0,0.0,16.0
4/1/16 23:59,70.0,0.0,12.0
4/2/16 23:59,55.0,0.0,9.0
4/3/16 23:59,42.0,0.0,25.0
4/4/16 23:59,37.0,0.0,16.0
4/5/16 23:59,35.0,0.0,22.0
4/6/16 23:59,39.0,0.0,17.0
4/7/16 23:59,53.0,0.0,20.0
4/8/16 23:59,45.0,0.0,13.0
4/9/16 23:59,40.0,0.0,14.0
4/10/16 23:59,41.0,0.0,13.0
4/11/16 23:59,54.0,0.0,13.0
4/12/16 23:59,52.0,0.0,21.0
4/13/16 23:59,49.0,0.0,16.0
4/14/16 23:59,53.0,0.0,11.0
4/15/16 23:59,54.0,0.0,13.0
4/16/16 23:59,56.0,0.0,16.0
4/17/16 23:59,60.0,0.0,9.0
4/18/16 23:59,67.0,0.0,14.0
4/19/16 23:59,64.0,0.0,16.0
4/20/16 23:59,59.0,0.0,16.0
4/21/16 23:59,61.0,0.0,14.0
4/22/16 23:59,71.0,0.0,10.0
4/23/16 23:59,63.0,0.0,16.0
4/24/16 23:59,58.0,0.0,15.0
4/25/16 23:59,60.0,0.0,9.0
4/26/16 23:59,54.0,0.0,17.0
4/27/16 23:59,54.0,0.0,12.0
4/28/16 23:59,54.0,0.0,13.0
4/29/16 23:59,52.0,0.0,14.0
4/30/16 23:59,56.0,0.0,12.0
5/1/16 23:59,48.0,0.0,13.0
5/2/16 23:59,53.0,0.0,9.0
5/3/16 23:59,54.0,0.0,14.0
5/4/16 23:59,50.0,0.0,17.0
5/5/16 23:59,52.0,0.0,15.0
5/6/16 23:59,51.0,0.0,18.0
5/7/16 23:59,54.0,0.0,14.0
5/8/16 23:59,58.0,0.0,20.0
5/9/16 23:59,62.0,0.0,18.0
5/10/16 23:59,57.0,0.0,13.0
5/11/16 23:59,63.0,0.0,10.0
5/12/16 23:59,68.0,0.0,12.0
5/17/16 23:59,58.0,0.0,6.0
5/18/16 23:59,60.0,0.0,2237.0
5/19/16 23:59,64.0,0.0,10.0
5/20/16 23:59,65.0,0.0,12.0
5/21/16 23:59,60.0,0.0,12.0
5/22/16 23:59,61.0,0.0,10.0
5/23/16 23:59,67.0,0.0,9.0
5/24/16 23:59,66.0,0.0,9.0
5/25/16 23:59,75.0,0.0,10.0
5/26/16 23:59,80.0,0.0,10.0
5/27/16 23:59,80.0,0.0,13.0
5/28/16 23:59,82.0,0.0,12.0
5/29/16 23:59,79.0,0.0,13.0
5/30/16 23:59,75.0,0.0,12.0
5/31/16 23:59,78.0,0.0,12.0
6/1/16 23:59,75.0,0.0,13.0
6/2/16 23:59,70.0,0.0,12.0
6/3/16 23:59,67.0,0.0,8.0
6/4/16 23:59,75.0,0.0,9.0
6/5/16 23:59,68.0,0.0,18.0
6/6/16 23:59,74.0,0.0,13.0
6/7/16 23:59,75.0,0.0,17.0
6/8/16 23:59,60.0,0.0,17.0
6/9/16 23:59,63.0,0.0,21.0
6/10/16 23:59,67.0,0.0,14.0
6/11/16 23:59,74.0,0.0,15.0
6/12/16 23:59,73.0,0.0,21.0
6/13/16 23:59,66.0,0.0,14.0
6/14/16 23:59,69.0,0.0,10.0
6/15/16 23:59,74.0,0.0,12.0
6/16/16 23:59,70.0,0.0,8.0
6/17/16 23:59,71.0,0.0,13.0
6/18/16 23:59,74.0,0.0,9.0
6/19/16 23:59,77.0,0.0,12.0
6/20/16 23:59,74.0,0.0,12.0
6/21/16 23:59,80.0,0.0,15.0
6/22/16 23:59,77.0,0.0,17.0
6/23/16 23:59,76.0,0.0,8.0
6/24/16 23:59,76.0,0.0,15.0
6/25/16 23:59,75.0,0.0,9.0
6/26/16 23:59,77.0,0.0,10.0
6/27/16 23:59,75.0,0.0,12.0
6/28/16 23:59,72.0,0.0,12.0
6/29/16 23:59,75.0,0.0,10.0
6/30/16 23:59,76.0,0.0,8.0
7/1/16 23:59,73.0,0.0,13.0
7/2/16 23:59,70.0,0.0,13.0
7/3/16 23:59,71.0,0.0,9.0
7/4/16 23:59,75.0,0.0,12.0
7/5/16 23:59,78.0,0.0,12.0
7/6/16 23:59,83.0,0.0,8.0
7/7/16 23:59,83.0,0.0,9.0
7/8/16 23:59,77.0,0.0,13.0
7/9/16 23:59,69.0,0.0,10.0
7/10/16 23:59,73.0,0.0,12.0
7/11/16 23:59,73.0,0.0,10.0
7/12/16 23:59,75.0,0.0,13.0
7/13/16 23:59,78.0,0.0,10.0
7/14/16 23:59,81.0,0.0,20.0
7/15/16 23:59,84.0,0.0,13.0
7/16/16 23:59,83.0,0.0,13.0
7/17/16 23:59,82.0,0.0,10.0
7/18/16 23:59,83.0,0.0,13.0
7/19/16 23:59,78.0,0.0,12.0
7/20/16 23:59,77.0,0.0,10.0
7/21/16 23:59,81.0,0.0,12.0
7/22/16 23:59,84.0,0.0,16.0
7/23/16 23:59,88.0,0.0,15.0
7/24/16 23:59,85.0,0.0,9.0
7/25/16 23:59,83.0,0.0,18.0
7/26/16 23:59,81.0,0.0,12.0
7/27/16 23:59,83.0,0.0,8.0
7/28/16 23:59,85.0,0.0,13.0
7/29/16 23:59,77.0,0.0,13.0
7/30/16 23:59,79.0,0.0,10.0
7/31/16 23:59,75.0,0.0,14.0
8/1/16 23:59,75.0,0.0,13.0
8/2/16 23:59,74.0,0.0,16.0
8/3/16 23:59,73.0,0.0,9.0
8/4/16 23:59,74.0,0.0,8.0
8/5/16 23:59,76.0,0.0,10.0
8/6/16 23:59,80.0,0.0,14.0
8/7/16 23:59,78.0,0.0,10.0
8/8/16 23:59,79.0,0.0,8.0
8/9/16 23:59,79.0,0.0,10.0
8/10/16 23:59,81.0,0.0,12.0
8/11/16 23:59,83.0,0.0,13.0
8/12/16 23:59,83.0,0.0,13.0
8/13/16 23:59,89.0,0.0,12.0
8/14/16 23:59,86.0,0.0,12.0
8/15/16 23:59,85.0,0.0,9.0
8/16/16 23:59,83.0,0.0,13.0
8/17/16 23:59,81.0,0.0,17.0
8/18/16 23:59,79.0,0.0,9.0
8/19/16 23:59,81.0,0.0,12.0
8/20/16 23:59,77.0,0.0,16.0
8/21/16 23:59,80.0,0.0,12.0
8/22/16 23:59,72.0,0.0,14.0
8/23/16 23:59,72.0,0.0,9.0
8/24/16 23:59,78.0,0.0,6.0
8/26/16 23:59,83.0,0.0,2237.0
8/27/16 23:59,81.0,0.0,10.0
8/28/16 23:59,81.0,0.0,7.0
8/29/16 23:59,83.0,0.0,10.0
8/30/16 23:59,78.0,0.0,12.0
8/31/16 23:59,82.0,0.0,9.0
9/1/16 23:59,74.0,0.0,10.0
9/2/16 23:59,74.0,0.0,13.0
9/3/16 23:59,71.0,0.0,15.0
9/4/16 23:59,73.0,0.0,15.0
9/5/16 23:59,75.0,0.0,16.0
9/6/16 23:59,76.0,0.0,18.0
9/7/16 23:59,78.0,0.0,14.0
9/8/16 23:59,80.0,0.0,10.0
9/9/16 23:59,83.0,0.0,10.0
9/10/16 23:59,82.0,0.0,10.0
9/11/16 23:59,75.0,0.0,16.0
9/12/16 23:59,70.0,0.0,9.0
9/13/16 23:59,74.0,0.0,13.0
9/14/16 23:59,79.0,0.0,15.0
9/15/16 23:59,68.0,0.0,15.0
9/16/16 23:59,67.0,0.0,9.0
9/17/16 23:59,68.0,0.0,10.0
9/18/16 23:59,76.0,0.0,12.0
9/19/16 23:59,73.0,0.0,12.0
9/20/16 23:59,75.0,0.0,9.0
9/21/16 23:59,76.0,0.0,12.0
9/22/16 23:59,76.0,0.0,8.0
9/23/16 23:59,76.0,0.0,12.0
9/24/16 23:59,65.0,0.0,14.0
9/25/16 23:59,62.0,0.0,10.0
9/26/16 23:59,64.0,0.0,12.0
9/27/16 23:59,69.0,0.0,10.0
9/28/16 23:59,63.0,0.0,18.0
9/29/16 23:59,61.0,0.0,21.0
9/30/16 23:59,58.0,0.0,16.0
10/1/16 23:59,59.0,0.0,16.0
10/2/16 23:59,60.0,0.0,9.0
10/3/16 23:59,66.0,0.0,7.0
10/4/16 23:59,65.0,0.0,15.0
10/5/16 23:59,60.0,0.0,13.0
10/6/16 23:59,64.0,0.0,7.0
10/7/16 23:59,66.0,0.0,9.0
10/8/16 23:59,63.0,0.0,8.0
10/9/16 23:59,58.0,0.0,16.0
10/10/16 23:59,56.0,0.0,15.0
10/11/16 23:59,55.0,0.0,9.0
10/12/16 23:59,60.0,0.0,8.0
10/13/16 23:59,60.0,0.0,12.0
10/14/16 23:59,55.0,0.0,12.0
10/15/16 23:59,55.0,0.0,9.0
10/16/16 23:59,61.0,0.0,10.0
10/17/16 23:59,72.0,0.0,8.0
10/18/16 23:59,74.0,0.0,14.0
10/19/16 23:59,75.0,0.0,13.0
10/20/16 23:59,66.0,0.0,12.0
10/21/16 23:59,63.0,0.0,12.0
10/22/16 23:59,52.0,0.0,20.0
10/23/16 23:59,53.0,0.0,22.0
10/24/16 23:59,55.0,0.0,16.0
10/25/16 23:59,48.0,0.0,16.0
10/26/16 23:59,45.0,0.0,13.0
10/27/16 23:59,48.0,0.0,13.0
10/28/16 23:59,47.0,0.0,20.0
10/29/16 23:59,52.0,0.0,14.0
10/30/16 23:59,65.0,0.0,18.0
10/31/16 23:59,49.0,0.0,12.0
11/1/16 23:59,49.0,0.0,10.0
11/2/16 23:59,62.0,0.0,10.0
11/3/16 23:59,65.0,0.0,15.0
11/4/16 23:59,54.0,0.0,12.0
11/5/16 23:59,53.0,0.0,13.0
11/6/16 23:59,52.0,0.0,16.0
11/7/16 23:59,47.0,0.0,14.0
11/8/16 23:59,54.0,0.0,8.0
11/9/16 23:59,54.0,0.0,14.0
11/10/16 23:59,48.0,0.0,14.0
11/11/16 23:59,52.0,0.0,18.0
11/12/16 23:59,44.0,0.0,12.0
11/13/16 23:59,51.0,0.0,13.0
11/14/16 23:59,54.0,0.0,13.0
11/15/16 23:59,52.0,0.0,17.0
11/16/16 23:59,53.0,0.0,10.0
11/17/16 23:59,55.0,0.0,13.0
11/18/16 23:59,54.0,0.0,8.0
11/19/16 23:59,50.0,0.0,18.0
11/20/16 23:59,38.0,0.0,25.0
11/21/16 23:59,39.0,0.0,22.0
11/22/16 23:59,39.0,0.0,21.0
11/23/16 23:59,40.0,0.0,12.0
11/24/16 23:59,43.0,0.0,9.0
11/25/16 23:59,50.0,0.0,9.0
11/26/16 23:59,45.0,0.0,14.0
11/27/16 23:59,45.0,0.0,15.0
11/28/16 23:59,45.0,0.0,10.0
11/29/16 23:59,56.0,0.0,13.0
11/30/16 23:59,54.0,0.0,18.0
12/1/16 23:59,48.0,0.0,20.0
12/2/16 23:59,46.0,0.0,17.0
12/3/16 23:59,44.0,0.0,17.0
12/4/16 23:59,43.0,0.0,12.0
12/5/16 23:59,44.0,0.0,15.0
12/6/16 23:59,42.0,0.0,15.0
12/7/16 23:59,43.0,0.0,15.0
12/8/16 23:59,40.0,0.0,2237.0
12/9/16 23:59,34.0,0.0,21.0
12/10/16 23:59,32.0,0.0,14.0
12/11/16 23:59,32.0,0.0,12.0
12/12/16 23:59,40.0,0.0,13.0
12/13/16 23:59,39.0,0.0,13.0
12/14/16 23:59,38.0,0.0,14.0
12/15/16 23:59,27.0,0.0,25.0
12/16/16 23:59,22.0,0.0,15.0
12/17/16 23:59,32.0,2.0,15.0
12/18/16 23:59,45.0,1.0,18.0
12/19/16 23:59,27.0,0.0,14.0
12/20/16 23:59,27.0,0.0,15.0
12/21/16 23:59,35.0,0.0,13.0
12/22/16 23:59,43.0,0.0,16.0
12/23/16 23:59,43.0,0.0,15.0
12/24/16 23:59,43.0,0.0,15.0
12/25/16 23:59,43.0,0.0,14.0
12/26/16 23:59,42.0,0.0,14.0
12/27/16 23:59,50.0,0.0,20.0
12/28/16 23:59,37.0,0.0,14.0
12/29/16 23:59,40.0,0.0,15.0
12/30/16 23:59,37.0,0.0,18.0
12/31/16 23:59,38.0,0.0,15.0
1/1/17 23:59,44.0,0.0,15.0
1/2/17 23:59,39.0,0.0,17.0
1/3/17 23:59,41.0,0.0,21.0
1/4/17 23:59,43.0,0.0,24.0
1/5/17 23:59,31.0,0.0,17.0
1/6/17 23:59,29.0,1.0,10.0
1/7/17 23:59,23.0,0.003,17.0
1/8/17 23:59,21.0,4.0,18.0
1/9/17 23:59,19.0,3.0,13.0
1/10/17 23:59,34.0,3.0,14.0
1/11/17 23:59,47.0,0.0,16.0
1/12/17 23:59,57.0,0.0,16.0
1/13/17 23:59,47.0,0.0,17.0
1/14/17 23:59,31.0,0.0,9.0
1/15/17 23:59,34.0,1.0,10.0
1/16/17 23:59,37.0,0.003,13.0
1/17/17 23:59,40.0,0.0,15.0
1/18/17 23:59,40.0,0.0,14.0
1/19/17 23:59,44.0,0.0,12.0
1/20/17 23:59,43.0,0.0,10.0
1/21/17 23:59,45.0,0.0,12.0
1/22/17 23:59,46.0,0.0,21.0
1/23/17 23:59,40.0,0.0,33.0
1/24/17 23:59,37.0,0.0,24.0
1/25/17 23:59,44.0,0.0,18.0
1/26/17 23:59,50.0,0.0,21.0
1/27/17 23:59,40.0,0.0,18.0
1/28/17 23:59,37.0,0.0,16.0
1/29/17 23:59,39.0,0.0,15.0
1/30/17 23:59,34.0,0.0,15.0
1/31/17 23:59,30.0,0.0,12.0
2/1/17 23:59,40.0,0.003,16.0
2/2/17 23:59,39.0,0.0,16.0
2/3/17 23:59,30.0,0.0,17.0
2/4/17 23:59,28.0,0.0,16.0
2/5/17 23:59,37.0,0.0,16.0
2/6/17 23:59,43.0,0.0,13.0
2/7/17 23:59,39.0,0.0,15.0
2/8/17 23:59,50.0,0.0,13.0
2/9/17 23:59,32.0,2.0,23.0
2/10/17 23:59,26.0,8.0,16.0
2/11/17 23:59,39.0,5.0,13.0
2/12/17 23:59,35.0,2.0,17.0
2/13/17 23:59,35.0,2.0,28.0
2/14/17 23:59,35.0,2.0,13.0
2/15/17 23:59,41.0,0.003,18.0
2/16/17 23:59,32.0,0.003,17.0
2/17/17 23:59,34.0,0.003,16.0
2/18/17 23:59,49.0,0.0,16.0
2/19/17 23:59,59.0,0.0,14.0
2/20/17 23:59,47.0,0.0,18.0
2/21/17 23:59,41.0,0.0,14.0
2/22/17 23:59,50.0,0.0,12.0
2/23/17 23:59,55.0,0.0,13.0
2/24/17 23:59,64.0,0.0,14.0
2/25/17 23:59,54.0,0.0,20.0
2/26/17 23:59,40.0,0.0,18.0
2/27/17 23:59,45.0,0.0,16.0
2/28/17 23:59,53.0,0.0,10.0
3/1/17 23:59,62.0,0.0,16.0
3/2/17 23:59,50.0,0.0,26.0
3/3/17 23:59,32.0,0.0,18.0
3/4/17 23:59,24.0,0.0,20.0
3/5/17 23:59,26.0,0.0,14.0
3/6/17 23:59,36.0,0.0,10.0
3/7/17 23:59,49.0,0.0,13.0
3/8/17 23:59,53.0,0.0,17.0
3/9/17 23:59,54.0,0.0,23.0
3/10/17 23:59,35.0,0.0,20.0
3/11/17 23:59,23.0,1.0,18.0
3/12/17 23:59,24.0,0.003,17.0
3/13/17 23:59,28.0,0.0,14.0
3/14/17 23:59,27.0,4.0,28.0
3/15/17 23:59,23.0,6.0,21.0
3/16/17 23:59,32.0,5.0,20.0
3/17/17 23:59,38.0,4.0,15.0
3/18/17 23:59,37.0,3.0,20.0
3/19/17 23:59,41.0,3.0,18.0
3/20/17 23:59,43.0,0.003,14.0
3/21/17 23:59,51.0,0.0,13.0
3/22/17 23:59,37.0,0.0,24.0
3/23/17 23:59,33.0,0.0,13.0
3/24/17 23:59,47.0,0.0,15.0
3/25/17 23:59,52.0,0.0,16.0
3/26/17 23:59,40.0,0.0,18.0
3/27/17 23:59,45.0,0.0,12.0
3/28/17 23:59,44.0,0.0,14.0
3/29/17 23:59,51.0,0.0,18.0
3/30/17 23:59,45.0,0.0,15.0
3/31/17 23:59,40.0,0.0,26.0
4/1/17 23:59,43.0,0.0,26.0
4/2/17 23:59,52.0,0.0,14.0
4/3/17 23:59,56.0,0.0,18.0
4/4/17 23:59,48.0,0.0,18.0
4/5/17 23:59,55.0,0.0,14.0
4/6/17 23:59,47.0,0.0,22.0
4/7/17 23:59,46.0,0.0,17.0
4/8/17 23:59,49.0,0.0,17.0
4/9/17 23:59,56.0,0.0,13.0
4/10/17 23:59,64.0,0.0,13.0
4/11/17 23:59,71.0,0.0,14.0
4/12/17 23:59,67.0,0.0,10.0
4/13/17 23:59,57.0,0.0,14.0
4/14/17 23:59,57.0,0.0,10.0
4/15/17 23:59,58.0,0.0,12.0
4/16/17 23:59,73.0,0.0,21.0
4/17/17 23:59,66.0,0.0,14.0
4/18/17 23:59,56.0,0.0,15.0
4/19/17 23:59,50.0,0.0,16.0
4/20/17 23:59,58.0,0.0,13.0
4/21/17 23:59,51.0,0.0,14.0
4/22/17 23:59,53.0,0.0,10.0
4/23/17 23:59,56.0,0.0,12.0
4/24/17 23:59,54.0,0.0,10.0
4/25/17 23:59,52.0,0.0,25.0
4/26/17 23:59,57.0,0.0,18.0
4/27/17 23:59,64.0,0.0,16.0
4/28/17 23:59,72.0,0.0,12.0
4/29/17 23:59,75.0,0.0,23.0
4/30/17 23:59,60.0,0.0,14.0
5/1/17 23:59,62.0,0.0,12.0
5/2/17 23:59,69.0,0.0,20.0
5/3/17 23:59,58.0,0.0,18.0
5/4/17 23:59,56.0,0.0,13.0
5/5/17 23:59,55.0,0.0,16.0
5/6/17 23:59,60.0,0.0,15.0
5/7/17 23:59,52.0,0.0,14.0
5/8/17 23:59,51.0,0.0,15.0
5/9/17 23:59,55.0,0.0,12.0
5/10/17 23:59,56.0,0.0,7.0
5/11/17 23:59,57.0,0.0,7.0
5/12/17 23:59,57.0,0.0,12.0
5/13/17 23:59,49.0,0.0,18.0
5/14/17 23:59,57.0,0.0,15.0
5/15/17 23:59,61.0,0.0,18.0
5/16/17 23:59,68.0,0.0,12.0
5/17/17 23:59,78.0,0.0,12.0
5/18/17 23:59,84.0,0.0,14.0
5/19/17 23:59,79.0,0.0,16.0
5/20/17 23:59,60.0,0.0,16.0
5/21/17 23:59,61.0,0.0,12.0
5/22/17 23:59,57.0,0.0,10.0
5/23/17 23:59,63.0,0.0,10.0
5/24/17 23:59,63.0,0.0,14.0
5/25/17 23:59,58.0,0.0,16.0
5/26/17 23:59,65.0,0.0,16.0
5/27/17 23:59,65.0,0.0,8.0
5/28/17 23:59,65.0,0.0,12.0
5/29/17 23:59,59.0,0.0,12.0
5/30/17 23:59,58.0,0.0,12.0
5/31/17 23:59,67.0,0.0,12.0
6/1/17 23:59,69.0,0.0,13.0
6/2/17 23:59,67.0,0.0,16.0
6/3/17 23:59,64.0,0.0,13.0
6/4/17 23:59,63.0,0.0,8.0
6/5/17 23:59,63.0,0.0,16.0
6/6/17 23:59,55.0,0.0,13.0
6/7/17 23:59,59.0,0.0,12.0
6/8/17 23:59,62.0,0.0,9.0
6/9/17 23:59,67.0,0.0,13.0
6/10/17 23:59,76.0,0.0,14.0
6/11/17 23:59,81.0,0.0,14.0
6/12/17 23:59,85.0,0.0,12.0
6/13/17 23:59,86.0,0.0,10.0
6/14/17 23:59,77.0,0.0,13.0
6/15/17 23:59,70.0,0.0,12.0
6/16/17 23:59,66.0,0.0,10.0
6/17/17 23:59,70.0,0.0,7.0
6/18/17 23:59,78.0,0.0,10.0
6/19/17 23:59,79.0,0.0,13.0
6/20/17 23:59,77.0,0.0,15.0
6/21/17 23:59,77.0,0.0,13.0
6/22/17 23:59,76.0,0.0,8.0
6/23/17 23:59,80.0,0.0,15.0
6/24/17 23:59,78.0,0.0,17.0
6/25/17 23:59,76.0,0.0,12.0
6/26/17 23:59,72.0,0.0,12.0
6/27/17 23:59,69.0,0.0,12.0
6/28/17 23:59,70.0,0.0,15.0
6/29/17 23:59,75.0,0.0,12.0
6/30/17 23:59,81.0,0.0,13.0
7/1/17 23:59,78.0,0.0,14.0
7/2/17 23:59,80.0,0.0,12.0
7/3/17 23:59,80.0,0.0,16.0
7/4/17 23:59,78.0,0.0,8.0
7/5/17 23:59,78.0,0.0,12.0
7/6/17 23:59,74.0,0.0,10.0
7/7/17 23:59,74.0,0.0,14.0
7/8/17 23:59,77.0,0.0,16.0
7/9/17 23:59,74.0,0.0,12.0
7/10/17 23:59,76.0,0.0,10.0
7/11/17 23:59,80.0,0.0,13.0
7/12/17 23:59,83.0,0.0,16.0
7/13/17 23:59,82.0,0.0,14.0
7/14/17 23:59,69.0,0.0,13.0
7/15/17 23:59,76.0,0.0,12.0
7/16/17 23:59,78.0,0.0,9.0
7/17/17 23:59,79.0,0.0,12.0
7/18/17 23:59,81.0,0.0,10.0
7/19/17 23:59,85.0,0.0,12.0
7/20/17 23:59,86.0,0.0,12.0
7/21/17 23:59,84.0,0.0,10.0
7/22/17 23:59,82.0,0.0,8.0
7/23/17 23:59,75.0,0.0,10.0
7/24/17 23:59,68.0,0.0,15.0
7/25/17 23:59,67.0,0.0,10.0
7/26/17 23:59,71.0,0.0,9.0
7/27/17 23:59,72.0,0.0,9.0
7/28/17 23:59,78.0,0.0,12.0
7/29/17 23:59,72.0,0.0,17.0
7/30/17 23:59,73.0,0.0,12.0
7/31/17 23:59,77.0,0.0,9.0
8/1/17 23:59,82.0,0.0,8.0
8/2/17 23:59,78.0,0.0,12.0
8/3/17 23:59,78.0,0.0,9.0
8/4/17 23:59,77.0,0.0,13.0
8/5/17 23:59,74.0,0.0,14.0
8/6/17 23:59,70.0,0.0,10.0
8/7/17 23:59,68.0,0.0,9.0
8/8/17 23:59,72.0,0.0,9.0
8/9/17 23:59,75.0,0.0,8.0
8/10/17 23:59,76.0,0.0,9.0
8/11/17 23:59,76.0,0.0,12.0
8/12/17 23:59,71.0,0.0,9.0
8/13/17 23:59,77.0,0.0,10.0
8/14/17 23:59,75.0,0.0,9.0
8/15/17 23:59,71.0,0.0,8.0
8/16/17 23:59,79.0,0.0,10.0
8/17/17 23:59,76.0,0.0,10.0
8/18/17 23:59,78.0,0.0,10.0
8/19/17 23:59,80.0,0.0,12.0
8/20/17 23:59,75.0,0.0,10.0
8/21/17 23:59,79.0,0.0,12.0
8/22/17 23:59,81.0,0.0,14.0
8/23/17 23:59,76.0,0.0,10.0
8/24/17 23:59,73.0,0.0,10.0
8/25/17 23:59,71.0,0.0,9.0
8/26/17 23:59,70.0,0.0,9.0
8/27/17 23:59,71.0,0.0,13.0
8/28/17 23:59,70.0,0.0,16.0
8/29/17 23:59,65.0,0.0,16.0
8/30/17 23:59,69.0,0.0,13.0
8/31/17 23:59,73.0,0.0,14.0
9/1/17 23:59,63.0,0.0,10.0
9/2/17 23:59,61.0,0.0,10.0
9/3/17 23:59,64.0,0.0,12.0
9/4/17 23:59,71.0,0.0,12.0
9/5/17 23:59,77.0,0.0,15.0
9/6/17 23:59,67.0,0.0,14.0
9/7/17 23:59,65.0,0.0,14.0
9/8/17 23:59,65.0,0.0,13.0
9/9/17 23:59,63.0,0.0,12.0
9/10/17 23:59,65.0,0.0,15.0
9/11/17 23:59,66.0,0.0,9.0
9/12/17 23:59,69.0,0.0,8.0
9/13/17 23:59,74.0,0.0,9.0
9/14/17 23:59,76.0,0.0,10.0
9/15/17 23:59,74.0,0.0,8.0
9/16/17 23:59,76.0,0.0,9.0
9/17/17 23:59,75.0,0.0,8.0
9/18/17 23:59,71.0,0.0,13.0
9/19/17 23:59,74.0,0.0,21.0
9/20/17 23:59,75.0,0.0,15.0
9/21/17 23:59,76.0,0.0,13.0
9/22/17 23:59,74.0,0.0,14.0
9/23/17 23:59,78.0,0.0,12.0
9/24/17 23:59,80.0,0.0,9.0
9/25/17 23:59,79.0,0.0,9.0
9/26/17 23:59,76.0,0.0,8.0
9/27/17 23:59,78.0,0.0,12.0
9/28/17 23:59,69.0,0.0,15.0
9/29/17 23:59,62.0,0.0,9.0
9/30/17 23:59,60.0,0.0,17.0
10/1/17 23:59,59.0,0.0,10.0
10/2/17 23:59,63.0,0.0,8.0
10/3/17 23:59,64.0,0.0,9.0
10/4/17 23:59,66.0,0.0,14.0
10/5/17 23:59,74.0,0.0,14.0
10/6/17 23:59,75.0,0.0,10.0
10/7/17 23:59,74.0,0.0,10.0
10/8/17 23:59,75.0,0.0,12.0
10/9/17 23:59,74.0,0.0,12.0
10/10/17 23:59,74.0,0.0,9.0
10/11/17 23:59,69.0,0.0,14.0
10/12/17 23:59,60.0,0.0,18.0
10/13/17 23:59,60.0,0.0,12.0
10/14/17 23:59,67.0,0.0,8.0
10/15/17 23:59,70.0,0.0,15.0
10/16/17 23:59,58.0,0.0,13.0
10/17/17 23:59,50.0,0.0,10.0
10/18/17 23:59,61.0,0.0,10.0
10/19/17 23:59,64.0,0.0,13.0
10/20/17 23:59,65.0,0.0,12.0
10/21/17 23:59,67.0,0.0,8.0
10/22/17 23:59,67.0,0.0,8.0
10/23/17 23:59,68.0,0.0,8.0
10/24/17 23:59,71.0,0.0,16.0
10/25/17 23:59,62.0,0.0,9.0
10/26/17 23:59,54.0,0.0,13.0
10/27/17 23:59,55.0,0.0,10.0
10/28/17 23:59,62.0,0.0,12.0
10/29/17 23:59,64.0,0.0,18.0
10/30/17 23:59,54.0,0.0,20.0
10/31/17 23:59,51.0,0.0,17.0
11/1/17 23:59,51.0,0.0,10.0
11/2/17 23:59,65.0,0.0,9.0
11/3/17 23:59,63.0,0.0,15.0
11/4/17 23:59,51.0,0.0,13.0
11/5/17 23:59,56.0,0.0,12.0
11/6/17 23:59,56.0,0.0,13.0
11/7/17 23:59,45.0,0.0,13.0
11/8/17 23:59,44.0,0.0,14.0
11/9/17 23:59,47.0,0.0,10.0
11/10/17 23:59,38.0,0.0,18.0
11/11/17 23:59,31.0,0.0,13.0
11/12/17 23:59,39.0,0.0,10.0
11/13/17 23:59,43.0,0.0,12.0
11/14/17 23:59,42.0,0.0,12.0
11/15/17 23:59,44.0,0.0,10.0
11/16/17 23:59,50.0,0.0,15.0
11/17/17 23:59,42.0,0.0,12.0
11/18/17 23:59,45.0,0.0,8.0
11/19/17 23:59,49.0,0.0,20.0
11/20/17 23:59,42.0,0.0,16.0
11/21/17 23:59,50.0,0.0,14.0
11/22/17 23:59,46.0,0.0,17.0
11/23/17 23:59,37.0,0.0,9.0
11/24/17 23:59,43.0,0.0,9.0
11/25/17 23:59,50.0,0.0,9.0
11/26/17 23:59,46.0,0.0,17.0
11/27/17 23:59,45.0,0.0,14.0
11/28/17 23:59,45.0,0.0,13.0
11/29/17 23:59,53.0,0.0,15.0
11/30/17 23:59,46.0,0.0,14.0
12/1/17 23:59,47.0,0.0,12.0
12/2/17 23:59,44.0,0.0,12.0
12/3/17 23:59,45.0,0.0,9.0
12/4/17 23:59,46.0,0.0,10.0
12/5/17 23:59,56.0,0.0,14.0
12/6/17 23:59,50.0,0.0,16.0
12/7/17 23:59,41.0,0.0,17.0
12/8/17 23:59,37.0,0.0,12.0
12/9/17 23:59,33.0,0.0,10.0
12/10/17 23:59,34.0,4.0,15.0
12/11/17 23:59,37.0,2.0,13.0
12/12/17 23:59,40.0,0.003,17.0
12/13/17 23:59,26.0,0.0,22.0
12/14/17 23:59,27.0,1.0,16.0
12/15/17 23:59,24.0,1.0,12.0
12/16/17 23:59,31.0,2.0,17.0
12/17/17 23:59,35.0,1.0,9.0
12/18/17 23:59,41.0,0.003,13.0
12/19/17 23:59,50.0,0.0,16.0
12/20/17 23:59,43.0,0.0,16.0
12/21/17 23:59,36.0,0.0,10.0
12/22/17 23:59,43.0,0.0,10.0
12/23/17 23:59,43.0,0.0,13.0
12/24/17 23:59,39.0,0.0,15.0
12/25/17 23:59,33.0,0.0,24.0
12/26/17 23:59,26.0,0.0,18.0
12/27/17 23:59,21.0,0.0,14.0
12/28/17 23:59,15.0,0.0,17.0
12/29/17 23:59,17.0,0.0,13.0
12/30/17 23:59,20.0,0.0,14.0
12/31/17 23:59,15.0,0.003,17.0
1/1/18 23:59,13.0,0.003,15.0
1/2/18 23:59,20.0,0.0,16.0
1/3/18 23:59,23.0,0.003,14.0
1/4/18 23:59,24.0,1.0,24.0
1/5/18 23:59,14.0,7.0,21.0
1/6/18 23:59,10.0,6.0,20.0
1/7/18 23:59,12.0,6.0,16.0
1/8/18 23:59,24.0,5.0,15.0
1/9/18 23:59,37.0,5.0,15.0
1/10/18 23:59,37.0,4.0,10.0
1/11/18 23:59,47.0,3.0,12.0
1/12/18 23:59,53.0,0.003,14.0
1/13/18 23:59,39.0,0.0,18.0
1/14/18 23:59,20.0,0.0,15.0
1/15/18 23:59,23.0,0.0,16.0
1/16/18 23:59,31.0,0.0,8.0
1/17/18 23:59,29.0,0.0,13.0
1/18/18 23:59,25.0,0.003,14.0
1/19/18 23:59,33.0,0.003,13.0
1/20/18 23:59,45.0,0.003,20.0
1/21/18 23:59,46.0,0.0,9.0
1/22/18 23:59,44.0,0.0,14.0
1/23/18 23:59,49.0,0.0,22.0
1/24/18 23:59,36.0,0.0,16.0
1/25/18 23:59,29.0,0.0,15.0
1/26/18 23:59,32.0,0.0,13.0
1/27/18 23:59,46.0,0.0,15.0
1/28/18 23:59,51.0,0.0,13.0
1/29/18 23:59,41.0,0.0,21.0
1/30/18 23:59,30.0,0.0,17.0
1/31/18 23:59,26.0,0.0,15.0
2/1/18 23:59,39.0,0.0,13.0
2/2/18 23:59,29.0,0.0,20.0
2/3/18 23:59,24.0,0.0,16.0
2/4/18 23:59,38.0,0.0,14.0
2/5/18 23:59,33.0,0.0,17.0
2/6/18 23:59,32.0,0.0,14.0
2/7/18 23:59,38.0,0.0,17.0
2/8/18 23:59,29.0,0.0,18.0
2/9/18 23:59,33.0,0.0,13.0
2/10/18 23:59,45.0,0.0,8.0
2/11/18 23:59,54.0,0.0,10.0
2/12/18 23:59,47.0,0.0,15.0
2/13/18 23:59,32.0,0.0,15.0
2/14/18 23:59,44.0,0.0,14.0
2/15/18 23:59,54.0,0.0,13.0
2/16/18 23:59,47.0,0.0,20.0
2/17/18 23:59,34.0,0.0,15.0
2/18/18 23:59,39.0,3.0,14.0
2/19/18 23:59,43.0,0.0,12.0
2/20/18 23:59,57.0,0.0,15.0
2/21/18 23:59,67.0,0.0,15.0
2/22/18 23:59,48.0,0.0,16.0
2/23/18 23:59,39.0,0.0,14.0
2/24/18 23:59,49.0,0.0,14.0
2/25/18 23:59,42.0,0.0,16.0
2/26/18 23:59,48.0,0.0,10.0
2/27/18 23:59,48.0,0.0,14.0
2/28/18 23:59,52.0,0.0,15.0
3/1/18 23:59,52.0,0.0,13.0
3/2/18 23:59,39.0,0.0,21.0
3/3/18 23:59,43.0,0.0,25.0
3/4/18 23:59,39.0,0.0,22.0
3/5/18 23:59,38.0,0.0,16.0
3/6/18 23:59,40.0,0.0,15.0
3/7/18 23:59,36.0,0.0,22.0
3/8/18 23:59,36.0,3.0,14.0
3/9/18 23:59,36.0,2.0,17.0
3/10/18 23:59,36.0,0.003,17.0
3/11/18 23:59,39.0,0.0,13.0
3/12/18 23:59,38.0,0.0,17.0
3/13/18 23:59,37.0,0.003,16.0
3/14/18 23:59,36.0,0.0,20.0
3/15/18 23:59,40.0,0.0,17.0
3/16/18 23:59,35.0,0.0,20.0
3/17/18 23:59,38.0,0.0,17.0
3/18/18 23:59,36.0,0.0,16.0
3/19/18 23:59,40.0,0.0,13.0
3/20/18 23:59,35.0,0.0,16.0
3/21/18 23:59,35.0,0.0,22.0
3/22/18 23:59,41.0,8.0,14.0
3/23/18 23:59,42.0,1.0,14.0
3/24/18 23:59,43.0,0.0,12.0
3/25/18 23:59,39.0,0.0,20.0
3/26/18 23:59,42.0,0.0,21.0
3/27/18 23:59,41.0,0.0,10.0
3/28/18 23:59,45.0,0.0,12.0
3/29/18 23:59,51.0,0.0,9.0
3/30/18 23:59,53.0,0.0,15.0
3/31/18 23:59,49.0,0.0,16.0
4/1/18 23:59,52.0,0.0,14.0
4/2/18 23:59,38.0,5.0,16.0
4/3/18 23:59,41.0,0.003,12.0
4/4/18 23:59,48.0,0.0,22.0
4/5/18 23:59,40.0,0.0,20.0
4/6/18 23:59,50.0,0.0,15.0
4/7/18 23:59,43.0,0.0,16.0
4/8/18 23:59,39.0,0.0,18.0
4/9/18 23:59,41.0,0.0,14.0
4/10/18 23:59,45.0,0.0,12.0
4/11/18 23:59,44.0,0.0,13.0
4/12/18 23:59,55.0,0.0,15.0
4/13/18 23:59,71.0,0.0,18.0
4/14/18 23:59,61.0,0.0,21.0
4/15/18 23:59,41.0,0.0,22.0
4/16/18 23:59,50.0,0.0,28.0
4/17/18 23:59,43.0,0.0,17.0
4/18/18 23:59,46.0,0.0,18.0
4/19/18 23:59,44.0,0.0,18.0
4/20/18 23:59,44.0,0.0,20.0
4/21/18 23:59,51.0,0.0,15.0
4/22/18 23:59,56.0,0.0,13.0
4/23/18 23:59,57.0,0.0,15.0
4/24/18 23:59,56.0,0.0,15.0
4/25/18 23:59,56.0,0.0,12.0
4/26/18 23:59,63.0,0.0,15.0
4/27/18 23:59,55.0,0.0,10.0
4/28/18 23:59,59.0,0.0,14.0
4/29/18 23:59,53.0,0.0,15.0
4/30/18 23:59,48.0,0.0,16.0
5/1/18 23:59,64.0,0.0,14.0
5/2/18 23:59,78.0,0.0,16.0
5/3/18 23:59,81.0,0.0,15.0
5/4/18 23:59,78.0,0.0,18.0
5/5/18 23:59,69.0,0.0,14.0
5/6/18 23:59,61.0,0.0,14.0
5/7/18 23:59,66.0,0.0,10.0
5/8/18 23:59,64.0,0.0,8.0
5/9/18 23:59,66.0,0.0,10.0
5/10/18 23:59,60.0,0.0,9.0
5/11/18 23:59,67.0,0.0,13.0
5/12/18 23:59,57.0,0.0,12.0
5/13/18 23:59,53.0,0.0,10.0
5/14/18 23:59,62.0,0.0,9.0
5/15/18 23:59,75.0,0.0,15.0
5/16/18 23:59,60.0,0.0,9.0
5/17/18 23:59,64.0,0.0,8.0
5/18/18 23:59,62.0,0.0,16.0
5/19/18 23:59,53.0,0.0,14.0
5/20/18 23:59,69.0,0.0,13.0
5/21/18 23:59,69.0,0.0,10.0
5/22/18 23:59,62.0,0.0,9.0
5/23/18 23:59,70.0,0.0,9.0
5/24/18 23:59,73.0,0.0,12.0
5/25/18 23:59,76.0,0.0,14.0
5/26/18 23:59,81.0,0.0,14.0
5/27/18 23:59,68.0,0.0,16.0
5/28/18 23:59,63.0,0.0,9.0
5/29/18 23:59,76.0,0.0,8.0
5/30/18 23:59,70.0,0.0,9.0
5/31/18 23:59,66.0,0.0,8.0
6/1/18 23:59,73.0,0.0,7.0
6/2/18 23:59,77.0,0.0,14.0
6/3/18 23:59,59.0,0.0,14.0
6/4/18 23:59,61.0,0.0,12.0
6/5/18 23:59,67.0,0.0,15.0
6/6/18 23:59,65.0,0.0,8.0
6/7/18 23:59,66.0,0.0,9.0
6/8/18 23:59,71.0,0.0,9.0
6/9/18 23:59,75.0,0.0,8.0
6/10/18 23:59,66.0,0.0,9.0
6/11/18 23:59,66.0,0.0,9.0
6/12/18 23:59,66.0,0.0,10.0
6/13/18 23:59,71.0,0.0,12.0
6/14/18 23:59,76.0,0.0,15.0
6/15/18 23:59,70.0,0.0,13.0
6/16/18 23:59,75.0,0.0,8.0
6/17/18 23:59,79.0,0.0,9.0
6/18/18 23:59,82.0,0.0,14.0
6/19/18 23:59,82.0,0.0,12.0
6/20/18 23:59,76.0,0.0,8.0
6/21/18 23:59,74.0,0.0,8.0
6/22/18 23:59,69.0,0.0,10.0
6/23/18 23:59,64.0,0.0,13.0
6/24/18 23:59,75.0,0.0,9.0
6/25/18 23:59,74.0,0.0,15.0
6/26/18 23:59,70.0,0.0,9.0
6/27/18 23:59,70.0,0.0,10.0
6/28/18 23:59,77.0,0.0,13.0
6/29/18 23:59,80.0,0.0,10.0
6/30/18 23:59,83.0,0.0,9.0
7/1/18 23:59,88.0,0.0,9.0
7/2/18 23:59,87.0,0.0,10.0
7/3/18 23:59,85.0,0.0,9.0
7/4/18 23:59,82.0,0.0,7.0
7/5/18 23:59,83.0,0.0,10.0
7/6/18 23:59,75.0,0.0,16.0
7/7/18 23:59,70.0,0.0,15.0
7/8/18 23:59,73.0,0.0,8.0
7/9/18 23:59,77.0,0.0,9.0
7/10/18 23:59,83.0,0.0,10.0
7/11/18 23:59,81.0,0.0,12.0
7/12/18 23:59,74.0,0.0,9.0
7/13/18 23:59,76.0,0.0,9.0
7/14/18 23:59,79.0,0.0,13.0
7/15/18 23:59,76.0,0.0,10.0
7/16/18 23:59,83.0,0.0,8.0
7/17/18 23:59,79.0,0.0,16.0
7/18/18 23:59,76.0,0.0,12.0
7/19/18 23:59,75.0,0.0,9.0
7/20/18 23:59,76.0,0.0,8.0
7/21/18 23:59,72.0,0.0,15.0
7/22/18 23:59,75.0,0.0,14.0
7/23/18 23:59,77.0,0.0,12.0
7/24/18 23:59,79.0,0.0,14.0
7/25/18 23:59,75.0,0.0,13.0
7/26/18 23:59,79.0,0.0,8.0
7/27/18 23:59,77.0,0.0,12.0
7/28/18 23:59,78.0,0.0,8.0
7/29/18 23:59,76.0,0.0,9.0
7/30/18 23:59,73.0,0.0,7.0
7/31/18 23:59,75.0,0.0,8.0
8/1/18 23:59,79.0,0.0,13.0
8/2/18 23:59,81.0,0.0,10.0
8/3/18 23:59,79.0,0.0,9.0
8/4/18 23:59,78.0,0.0,9.0
8/5/18 23:59,82.0,0.0,7.0
8/6/18 23:59,85.0,0.0,10.0
8/7/18 23:59,82.0,0.0,10.0
8/8/18 23:59,83.0,0.0,8.0
8/9/18 23:59,80.0,0.0,12.0
8/10/18 23:59,79.0,0.0,8.0
8/11/18 23:59,75.0,0.0,10.0
8/12/18 23:59,78.0,0.0,10.0
8/13/18 23:59,73.0,0.0,12.0
8/14/18 23:59,77.0,0.0,17.0
8/15/18 23:59,78.0,0.0,12.0
8/16/18 23:59,82.0,0.0,12.0
8/17/18 23:59,80.0,0.0,14.0
8/18/18 23:59,78.0,0.0,10.0
8/19/18 23:59,70.0,0.0,13.0
8/20/18 23:59,71.0,0.0,10.0
8/21/18 23:59,73.0,0.0,9.0
8/22/18 23:59,77.0,0.0,12.0
8/23/18 23:59,71.0,0.0,10.0
8/24/18 23:59,74.0,0.0,8.0
8/25/18 23:59,74.0,0.0,7.0
8/26/18 23:59,76.0,0.0,13.0
8/27/18 23:59,81.0,0.0,8.0
8/28/18 23:59,87.0,0.0,12.0
8/29/18 23:59,87.0,0.0,14.0
8/30/18 23:59,84.0,0.0,12.0
8/31/18 23:59,74.0,0.0,10.0
9/1/18 23:59,74.0,0.0,8.0
9/2/18 23:59,75.0,0.0,9.0
9/3/18 23:59,83.0,0.0,9.0
9/4/18 23:59,85.0,0.0,7.0
9/5/18 23:59,83.0,0.0,6.0
9/6/18 23:59,83.0,0.0,16.0
9/7/18 23:59,72.0,0.0,14.0
9/8/18 23:59,66.0,0.0,15.0
9/9/18 23:59,59.0,0.0,13.0
9/10/18 23:59,59.0,0.0,13.0
9/11/18 23:59,68.0,0.0,8.0
9/12/18 23:59,74.0,0.0,5.0
9/13/18 23:59,73.0,0.0,2237.0
9/14/18 23:59,72.0,0.0,2237.0
9/15/18 23:59,74.0,0.0,2237.0
9/16/18 23:59,76.0,0.0,2237.0
9/17/18 23:59,74.0,0.0,7.0
9/18/18 23:59,75.0,0.0,10.0
9/19/18 23:59,75.0,0.0,10.0
9/20/18 23:59,69.0,0.0,10.0
9/21/18 23:59,70.0,0.0,8.0
9/22/18 23:59,68.0,0.0,10.0
9/23/18 23:59,63.0,0.0,9.0
9/24/18 23:59,63.0,0.0,16.0
9/25/18 23:59,66.0,0.0,12.0
9/26/18 23:59,76.0,0.0,10.0
9/27/18 23:59,67.0,0.0,13.0
9/28/18 23:59,61.0,0.0,14.0
9/29/18 23:59,65.0,0.0,8.0
9/30/18 23:59,62.0,0.0,8.0
10/1/18 23:59,70.0,0.0,9.0
10/2/18 23:59,71.0,0.0,14.0
10/3/18 23:59,69.0,0.0,9.0
10/4/18 23:59,69.0,0.0,9.0
10/5/18 23:59,66.0,0.0,13.0
10/6/18 23:59,66.0,0.0,7.0
10/7/18 23:59,73.0,0.0,8.0
10/8/18 23:59,69.0,0.0,12.0
10/9/18 23:59,72.0,0.0,9.0
10/10/18 23:59,76.0,0.0,8.0
10/11/18 23:59,73.0,0.0,9.0
10/12/18 23:59,60.0,0.0,16.0
10/13/18 23:59,51.0,0.0,2237.0
10/14/18 23:59,53.0,0.0,2237.0
10/15/18 23:59,60.0,0.0,2237.0
10/16/18 23:59,54.0,0.0,2237.0
10/17/18 23:59,54.0,0.0,2237.0
10/18/18 23:59,46.0,0.0,2237.0
10/19/18 23:59,52.0,0.0,2237.0
10/20/18 23:59,57.0,0.0,2237.0
10/21/18 23:59,45.0,0.0,2237.0
10/22/18 23:59,45.0,0.0,2237.0
10/23/18 23:59,56.0,0.0,2237.0
10/24/18 23:59,49.0,0.0,2237.0
10/25/18 23:59,46.0,0.0,2237.0
10/26/18 23:59,44.0,0.0,2237.0
10/27/18 23:59,48.0,0.0,2237.0
10/28/18 23:59,49.0,0.0,2237.0
10/29/18 23:59,52.0,0.0,2237.0
10/30/18 23:59,49.0,0.0,2237.0
10/31/18 23:59,54.0,0.0,2237.0
11/1/18 23:59,64.0,0.0,2237.0
11/2/18 23:59,68.0,0.0,2237.0
11/3/18 23:59,57.0,0.0,2237.0
11/4/18 23:59,49.0,0.0,2237.0
11/5/18 23:59,51.0,0.0,2237.0
11/6/18 23:59,54.0,0.0,2237.0
11/7/18 23:59,57.0,0.0,2237.0
11/8/18 23:59,51.0,0.0,2237.0
11/9/18 23:59,46.0,0.0,2237.0
11/10/18 23:59,42.0,0.0,2237.0
11/11/18 23:59,40.0,0.0,2237.0
11/12/18 23:59,43.0,0.0,2237.0
11/13/18 23:59,47.0,0.0,2237.0
11/14/18 23:59,38.0,0.0,2237.0
11/15/18 23:59,34.0,0.0,2237.0
11/16/18 23:59,40.0,4.0,2237.0
11/17/18 23:59,42.0,2.0,2237.0
11/18/18 23:59,42.0,0.0,2237.0
11/19/18 23:59,46.0,0.0,2237.0
11/20/18 23:59,43.0,0.0,2237.0
11/21/18 23:59,36.0,0.0,2237.0
11/22/18 23:59,23.0,0.0,2237.0
11/23/18 23:59,24.0,0.0,2237.0
11/24/18 23:59,40.0,0.0,2237.0
11/25/18 23:59,50.0,0.0,2237.0
11/26/18 23:59,49.0,0.0,2237.0
11/27/18 23:59,41.0,0.0,2237.0
11/28/18 23:59,39.0,0.0,2237.0
11/29/18 23:59,42.0,0.0,2237.0
11/30/18 23:59,41.0,0.0,2237.0
12/1/18 23:59,41.0,0.0,2237.0
12/2/18 23:59,49.0,0.0,2237.0
12/3/18 23:59,51.0,0.0,2237.0
12/4/18 23:59,39.0,0.0,2237.0
12/5/18 23:59,33.0,0.0,2237.0
12/6/18 23:59,35.0,0.0,2237.0
12/7/18 23:59,34.0,0.0,2237.0
12/8/18 23:59,30.0,0.0,2237.0
12/9/18 23:59,32.0,0.0,2237.0
12/10/18 23:59,34.0,0.0,2237.0
12/11/18 23:59,35.0,0.0,2237.0
12/12/18 23:59,37.0,0.0,2237.0
12/13/18 23:59,37.0,0.0,2237.0
12/14/18 23:59,46.0,0.0,2237.0
12/15/18 23:59,49.0,0.0,2237.0
12/16/18 23:59,41.0,0.0,2237.0
12/17/18 23:59,42.0,0.0,2237.0
12/18/18 23:59,34.0,0.0,2237.0
12/19/18 23:59,34.0,0.0,2237.0
12/20/18 23:59,42.0,0.0,2237.0
12/21/18 23:59,54.0,0.0,2237.0
12/22/18 23:59,47.0,0.0,2237.0
12/23/18 23:59,40.0,0.0,2237.0
12/24/18 23:59,40.0,0.0,2237.0
12/25/18 23:59,37.0,0.0,2237.0
12/26/18 23:59,38.0,0.0,2237.0
12/27/18 23:59,41.0,0.0,2237.0
12/28/18 23:59,52.0,0.0,2237.0
12/29/18 23:59,48.0,0.0,2237.0
12/30/18 23:59,37.0,0.0,2237.0
12/31/18 23:59,42.0,0.0,2237.0
1/1/19 23:59,49.0,0.0,2237.0
1/2/19 23:59,38.0,0.0,2237.0
1/3/19 23:59,41.0,0.0,2237.0
1/4/19 23:59,41.0,0.0,2237.0
1/5/19 23:59,44.0,0.0,2237.0
1/6/19 23:59,40.0,0.0,2237.0
1/7/19 23:59,30.0,0.0,2237.0
1/8/19 23:59,40.0,0.0,2237.0
1/9/19 23:59,40.0,0.0,2237.0
1/10/19 23:59,31.0,0.0,2237.0
1/11/19 23:59,26.0,0.0,2237.0
1/12/19 23:59,27.0,0.0,2237.0
1/13/19 23:59,29.0,0.0,2237.0
1/14/19 23:59,27.0,0.0,2237.0
1/15/19 23:59,31.0,0.0,2237.0
1/16/19 23:59,35.0,0.0,2237.0
1/17/19 23:59,29.0,0.0,2237.0
1/18/19 23:59,34.0,1.0,2237.0
1/19/19 23:59,35.0,0.0,2237.0
1/20/19 23:59,28.0,0.0,2237.0
1/21/19 23:59,9.0,0.0,2237.0
1/22/19 23:59,22.0,0.0,2237.0
1/23/19 23:59,42.0,0.0,2237.0
1/24/19 23:59,47.0,0.0,2237.0
1/25/19 23:59,34.0,0.0,2237.0
1/26/19 23:59,30.0,0.0,2237.0
1/27/19 23:59,41.0,0.0,2237.0
1/28/19 23:59,32.0,0.0,2237.0
1/29/19 23:59,34.0,0.0,2237.0
1/30/19 23:59,21.0,0.0,2237.0
1/31/19 23:59,9.0,0.0,2237.0
2/1/19 23:59,16.0,0.0,2237.0
2/2/19 23:59,25.0,0.0,2237.0
2/3/19 23:59,43.0,0.0,2237.0
2/4/19 23:59,51.0,0.0,2237.0
2/5/19 23:59,55.0,0.0,2237.0
2/6/19 23:59,41.0,0.0,2237.0
2/7/19 23:59,42.0,0.0,2237.0
2/8/19 23:59,44.0,0.0,2237.0
2/9/19 23:59,28.0,0.0,2237.0
2/10/19 23:59,29.0,0.0,2237.0
2/11/19 23:59,34.0,0.0,2237.0
2/12/19 23:59,31.0,0.0,2237.0
2/13/19 23:59,37.0,1.0,2237.0
2/14/19 23:59,40.0,0.0,2237.0
2/15/19 23:59,51.0,0.0,2237.0
2/16/19 23:59,40.0,0.0,2237.0
2/17/19 23:59,32.0,0.0,2237.0
2/18/19 23:59,34.0,0.0,2237.0
2/19/19 23:59,30.0,0.0,2237.0
2/20/19 23:59,30.0,0.0,2237.0
2/21/19 23:59,43.0,1.0,2237.0
2/22/19 23:59,40.0,0.0,2237.0
2/23/19 23:59,37.0,0.0,2237.0
2/24/19 23:59,42.0,0.0,2237.0
2/25/19 23:59,36.0,0.0,2237.0
2/26/19 23:59,31.0,0.0,2237.0
2/27/19 23:59,27.0,0.0,2237.0
2/28/19 23:59,32.0,0.003,2237.0
3/1/19 23:59,31.0,1.0,2237.0
3/2/19 23:59,36.0,4.0,2237.0
3/3/19 23:59,38.0,1.0,2237.0
3/4/19 23:59,33.0,4.0,2237.0
3/5/19 23:59,26.0,2.0,2237.0
3/6/19 23:59,23.0,1.0,2237.0
3/7/19 23:59,25.0,1.0,2237.0
3/8/19 23:59,32.0,0.0,2237.0
3/9/19 23:59,42.0,0.0,2237.0
3/10/19 23:59,39.0,0.0,2237.0
3/11/19 23:59,46.0,0.0,17.0
3/12/19 23:59,39.0,0.0,17.0
3/13/19 23:59,41.0,0.0,8.0
3/14/19 23:59,50.0,0.0,10.0
3/15/19 23:59,62.0,0.0,14.0
3/16/19 23:59,48.0,0.0,20.0
3/17/19 23:59,40.0,0.0,14.0
3/18/19 23:59,39.0,0.0,10.0
3/19/19 23:59,43.0,0.0,10.0
3/20/19 23:59,45.0,0.0,10.0
3/21/19 23:59,44.0,0.0,17.0
3/22/19 23:59,44.0,0.0,21.0
3/23/19 23:59,42.0,0.0,23.0
3/24/19 23:59,49.0,0.0,13.0
3/25/19 23:59,49.0,0.0,13.0
3/26/19 23:59,41.0,0.0,16.0
3/27/19 23:59,41.0,0.0,15.0
3/28/19 23:59,45.0,0.0,9.0
3/29/19 23:59,54.0,0.0,10.0
3/30/19 23:59,61.0,0.0,9.0
3/31/19 23:59,52.0,0.0,16.0
4/1/19 23:59,40.0,0.0,16.0
4/2/19 23:59,46.0,0.0,14.0
4/3/19 23:59,54.0,0.0,22.0
4/4/19 23:59,52.0,0.0,15.0
4/5/19 23:59,42.0,0.0,16.0
4/6/19 23:59,54.0,0.0,13.0
4/7/19 23:59,59.0,0.0,9.0
4/8/19 23:59,64.0,0.0,15.0
4/9/19 23:59,49.0,0.0,10.0
4/10/19 23:59,53.0,0.0,14.0
4/11/19 23:59,48.0,0.0,14.0
4/12/19 23:59,57.0,0.0,9.0
4/13/19 23:59,68.0,0.0,9.0
4/14/19 23:59,67.0,0.0,9.0
4/15/19 23:59,56.0,0.0,24.0
4/16/19 23:59,55.0,0.0,17.0
4/17/19 23:59,56.0,0.0,12.0
4/18/19 23:59,57.0,0.0,10.0
4/19/19 23:59,69.0,0.0,9.0
4/20/19 23:59,60.0,0.0,7.0
4/21/19 23:59,60.0,0.0,10.0
4/22/19 23:59,58.0,0.0,12.0
4/23/19 23:59,67.0,0.0,9.0
4/24/19 23:59,62.0,0.0,15.0
4/25/19 23:59,57.0,0.0,10.0
4/26/19 23:59,55.0,0.0,14.0
4/27/19 23:59,53.0,0.0,21.0
4/28/19 23:59,49.0,0.0,12.0
4/29/19 23:59,51.0,0.0,10.0
4/30/19 23:59,54.0,0.0,10.0
5/1/19 23:59,53.0,0.0,9.0
5/2/19 23:59,64.0,0.0,12.0
5/3/19 23:59,53.0,0.0,9.0
5/4/19 23:59,62.0,0.0,7.0
5/5/19 23:59,55.0,0.0,17.0
5/6/19 23:59,63.0,0.0,13.0
5/7/19 23:59,61.0,0.0,9.0
5/8/19 23:59,63.0,0.0,10.0
5/9/19 23:59,57.0,0.0,16.0
5/10/19 23:59,65.0,0.0,10.0
5/11/19 23:59,63.0,0.0,10.0
5/12/19 23:59,51.0,0.0,18.0
5/13/19 23:59,45.0,0.0,15.0
5/14/19 23:59,48.0,0.0,8.0
5/15/19 23:59,57.0,0.0,10.0
5/16/19 23:59,63.0,0.0,13.0
5/17/19 23:59,68.0,0.0,13.0
5/18/19 23:59,66.0,0.0,9.0
5/19/19 23:59,68.0,0.0,12.0
5/20/19 23:59,76.0,0.0,18.0
5/21/19 23:59,64.0,0.0,15.0
5/22/19 23:59,64.0,0.0,13.0
5/23/19 23:59,64.0,0.0,14.0
5/24/19 23:59,67.0,0.0,18.0
5/25/19 23:59,63.0,0.0,12.0
5/26/19 23:59,73.0,0.0,12.0
5/27/19 23:59,72.0,0.0,13.0
5/28/19 23:59,67.0,0.0,12.0
5/29/19 23:59,63.0,0.0,12.0
5/30/19 23:59,64.0,0.0,9.0
5/31/19 23:59,72.0,0.0,10.0
6/1/19 23:59,72.0,0.0,9.0
6/2/19 23:59,71.0,0.0,12.0
6/3/19 23:59,64.0,0.0,15.0
6/4/19 23:59,62.0,0.0,12.0
6/5/19 23:59,73.0,0.0,14.0
6/6/19 23:59,76.0,0.0,12.0
6/7/19 23:59,74.0,0.0,8.0
6/8/19 23:59,72.0,0.0,16.0
6/9/19 23:59,69.0,0.0,14.0
6/10/19 23:59,65.0,0.0,15.0
6/11/19 23:59,70.0,0.0,15.0
6/12/19 23:59,67.0,0.0,12.0
6/13/19 23:59,60.0,0.0,22.0
6/14/19 23:59,66.0,0.0,17.0
6/15/19 23:59,71.0,0.0,15.0
6/16/19 23:59,73.0,0.0,15.0
6/17/19 23:59,73.0,0.0,10.0
6/18/19 23:59,70.0,0.0,10.0
6/19/19 23:59,69.0,0.0,8.0
6/20/19 23:59,72.0,0.0,8.0
6/21/19 23:59,71.0,0.0,15.0
6/22/19 23:59,70.0,0.0,15.0
6/23/19 23:59,74.0,0.0,12.0
6/24/19 23:59,76.0,0.0,8.0
6/25/19 23:59,78.0,0.0,8.0
6/26/19 23:59,80.0,0.0,9.0
6/27/19 23:59,80.0,0.0,10.0
6/28/19 23:59,81.0,0.0,10.0
6/29/19 23:59,82.0,0.0,14.0
6/30/19 23:59,76.0,0.0,21.0
7/1/19 23:59,75.0,0.0,10.0
7/2/19 23:59,78.0,0.0,9.0
7/3/19 23:59,81.0,0.0,10.0
7/4/19 23:59,82.0,0.0,13.0
7/5/19 23:59,79.0,0.0,9.0
7/6/19 23:59,83.0,0.0,10.0
7/7/19 23:59,79.0,0.0,15.0
7/8/19 23:59,73.0,0.0,8.0
7/9/19 23:59,78.0,0.0,10.0
7/10/19 23:59,81.0,0.0,12.0
7/11/19 23:59,80.0,0.0,12.0
7/12/19 23:59,80.0,0.0,12.0
7/13/19 23:59,78.0,0.0,10.0
7/14/19 23:59,83.0,0.0,13.0
7/15/19 23:59,77.0,0.0,9.0
7/16/19 23:59,82.0,0.0,10.0
7/17/19 23:59,83.0,0.0,14.0
7/18/19 23:59,75.0,0.0,15.0
7/19/19 23:59,81.0,0.0,13.0
7/20/19 23:59,89.0,0.0,13.0
7/21/19 23:59,88.0,0.0,14.0
7/22/19 23:59,81.0,0.0,14.0
7/23/19 23:59,71.0,0.0,12.0
7/24/19 23:59,75.0,0.0,12.0
7/25/19 23:59,77.0,0.0,10.0
7/26/19 23:59,79.0,0.0,9.0
7/27/19 23:59,79.0,0.0,12.0
7/28/19 23:59,80.0,0.0,13.0
7/29/19 23:59,82.0,0.0,12.0
7/30/19 23:59,85.0,0.0,12.0
7/31/19 23:59,79.0,0.0,14.0
8/1/19 23:59,79.0,0.0,9.0
8/2/19 23:59,79.0,0.0,9.0
8/3/19 23:59,77.0,0.0,18.0
8/4/19 23:59,78.0,0.0,12.0
8/5/19 23:59,76.0,0.0,13.0
8/6/19 23:59,75.0,0.0,9.0
8/7/19 23:59,77.0,0.0,13.0
8/8/19 23:59,76.0,0.0,16.0
8/9/19 23:59,76.0,0.0,14.0
8/10/19 23:59,74.0,0.0,14.0
8/11/19 23:59,72.0,0.0,12.0
8/12/19 23:59,77.0,0.0,12.0
8/13/19 23:59,75.0,0.0,10.0
8/14/19 23:59,79.0,0.0,10.0
8/15/19 23:59,78.0,0.0,10.0
8/16/19 23:59,74.0,0.0,9.0
8/17/19 23:59,80.0,0.0,9.0
8/18/19 23:59,80.0,0.0,15.0
8/19/19 23:59,81.0,0.0,13.0
8/20/19 23:59,82.0,0.0,9.0
8/21/19 23:59,81.0,0.0,12.0
8/22/19 23:59,81.0,0.0,20.0
8/23/19 23:59,70.0,0.0,9.0
8/24/19 23:59,70.0,0.0,14.0
8/25/19 23:59,70.0,0.0,17.0
8/26/19 23:59,68.0,0.0,15.0
8/27/19 23:59,69.0,0.0,8.0
8/28/19 23:59,71.0,0.0,10.0
8/29/19 23:59,73.0,0.0,14.0
8/30/19 23:59,77.0,0.0,15.0
8/31/19 23:59,75.0,0.0,13.0
9/1/19 23:59,71.0,0.0,12.0
9/2/19 23:59,72.0,0.0,9.0
9/3/19 23:59,75.0,0.0,9.0
9/4/19 23:59,78.0,0.0,12.0
9/5/19 23:59,70.0,0.0,15.0
9/6/19 23:59,63.0,0.0,20.0
9/7/19 23:59,66.0,0.0,14.0
9/8/19 23:59,70.0,0.0,13.0
9/9/19 23:59,71.0,0.0,12.0
9/10/19 23:59,71.0,0.0,12.0
9/11/19 23:59,79.0,0.0,13.0
9/12/19 23:59,71.0,0.0,14.0
9/13/19 23:59,65.0,0.0,16.0
9/14/19 23:59,68.0,0.0,9.0
9/15/19 23:59,75.0,0.0,9.0
9/16/19 23:59,73.0,0.0,12.0
9/17/19 23:59,69.0,0.0,16.0
9/18/19 23:59,63.0,0.0,13.0
9/19/19 23:59,61.0,0.0,9.0
9/20/19 23:59,67.0,0.0,10.0
9/21/19 23:59,73.0,0.0,7.0
9/22/19 23:59,77.0,0.0,10.0
9/23/19 23:59,80.0,0.0,13.0
9/24/19 23:59,70.0,0.0,15.0
9/25/19 23:59,69.0,0.0,9.0
9/26/19 23:59,73.0,0.0,15.0
9/27/19 23:59,68.0,0.0,10.0
9/28/19 23:59,74.0,0.0,9.0
9/29/19 23:59,73.0,0.0,14.0
9/30/19 23:59,66.0,0.0,14.0
10/1/19 23:59,72.0,0.0,13.0
10/2/19 23:59,78.0,0.0,14.0
10/3/19 23:59,58.0,0.0,15.0
10/4/19 23:59,58.0,0.0,18.0
10/5/19 23:59,53.0,0.0,13.0
10/6/19 23:59,64.0,0.0,10.0
10/7/19 23:59,69.0,0.0,13.0
10/8/19 23:59,61.0,0.0,16.0
10/9/19 23:59,55.0,0.0,17.0
10/10/19 23:59,62.0,0.0,17.0
10/11/19 23:59,60.0,0.0,20.0
10/12/19 23:59,61.0,0.0,12.0
10/13/19 23:59,60.0,0.0,8.0
10/14/19 23:59,65.0,0.0,15.0
10/15/19 23:59,58.0,0.0,9.0
10/16/19 23:59,59.0,0.0,21.0
10/17/19 23:59,54.0,0.0,23.0
10/18/19 23:59,53.0,0.0,17.0
10/19/19 23:59,52.0,0.0,9.0
10/20/19 23:59,54.0,0.0,14.0
10/21/19 23:59,59.0,0.0,12.0
10/22/19 23:59,59.0,0.0,13.0
10/23/19 23:59,60.0,0.0,15.0
10/24/19 23:59,59.0,0.0,12.0
10/25/19 23:59,59.0,0.0,10.0
10/26/19 23:59,58.0,0.0,12.0
10/27/19 23:59,61.0,0.0,14.0
10/28/19 23:59,59.0,0.0,13.0
10/29/19 23:59,57.0,0.0,9.0
10/30/19 23:59,61.0,0.0,10.0
10/31/19 23:59,66.0,0.0,15.0
11/1/19 23:59,57.0,0.0,22.0
11/2/19 23:59,47.0,0.0,10.0
11/3/19 23:59,48.0,0.0,13.0
11/4/19 23:59,49.0,0.0,13.0
11/5/19 23:59,56.0,0.0,10.0
11/6/19 23:59,50.0,0.0,12.0
11/7/19 23:59,49.0,0.0,13.0
11/8/19 23:59,35.0,0.0,18.0
11/9/19 23:59,34.0,0.0,12.0
11/10/19 23:59,45.0,0.0,14.0
11/11/19 23:59,54.0,0.0,10.0
11/12/19 23:59,41.0,0.0,17.0
11/13/19 23:59,29.0,0.0,18.0
11/14/19 23:59,37.0,0.0,12.0
11/15/19 23:59,44.0,0.0,12.0
11/16/19 23:59,37.0,0.0,20.0
11/17/19 23:59,37.0,0.0,20.0
11/18/19 23:59,40.0,0.0,15.0
11/19/19 23:59,44.0,0.0,12.0
11/20/19 23:59,45.0,0.0,16.0
11/21/19 23:59,46.0,0.0,12.0
11/22/19 23:59,46.0,0.0,18.0
11/23/19 23:59,40.0,0.0,12.0
11/24/19 23:59,43.0,0.0,17.0
11/25/19 23:59,46.0,0.0,13.0
11/26/19 23:59,53.0,0.0,10.0
11/27/19 23:59,54.0,0.0,22.0
11/28/19 23:59,45.0,0.0,23.0
11/29/19 23:59,35.0,0.0,14.0
11/30/19 23:59,37.0,0.0,13.0
12/1/19 23:59,35.0,0.0,23.0
12/2/19 23:59,34.0,0.0,20.0
12/3/19 23:59,33.0,1.0,17.0
12/4/19 23:59,36.0,0.0,13.0
12/5/19 23:59,39.0,0.0,20.0
12/6/19 23:59,42.0,0.0,20.0
12/7/19 23:59,34.0,0.0,15.0
12/8/19 23:59,37.0,0.0,10.0
12/9/19 23:59,49.0,0.0,14.0
12/10/19 23:59,49.0,0.0,17.0
12/11/19 23:59,36.0,0.003,17.0
12/12/19 23:59,31.0,0.0,15.0
12/13/19 23:59,41.0,0.0,14.0
12/14/19 23:59,51.0,0.0,20.0
12/15/19 23:59,43.0,0.0,21.0
12/16/19 23:59,35.0,0.0,12.0
12/17/19 23:59,34.0,0.0,17.0
12/18/19 23:59,29.0,0.0,20.0
12/19/19 23:59,21.0,0.003,20.0
12/20/19 23:59,28.0,0.003,12.0
12/21/19 23:59,29.0,0.0,13.0
12/22/19 23:59,38.0,0.0,14.0
12/23/19 23:59,49.0,0.0,14.0
12/24/19 23:59,42.0,0.0,15.0
12/25/19 23:59,40.0,0.0,9.0
12/26/19 23:59,41.0,0.0,13.0
12/27/19 23:59,50.0,0.0,14.0
12/28/19 23:59,47.0,0.0,10.0
12/29/19 23:59,42.0,0.0,10.0
12/30/19 23:59,39.0,0.0,25.0
